项目名称,數量,訂單,建立時間,專案類型,廠部,專案目前進度,Biling月份,创建人,機構評估,機構設計,電控設計,電控內調,電控外調,設計外調,工時加總,成品料號,檔案位置,资料,程序,保固標工,保固工單
LFAF_鋁衝組裝件變形度及Boss高度自動測量設備（第一台）,1,無PO,04-27,內部,K21,驗收預留,2605,李格寧,0,50,50,100,20,0,220,UA0020000037,\\10.97.0.210\lfaf_Engineer\Mechanical\0-專案資料\2024年\5月\4.LFAF_鋁衝組裝件變形度及Boss高度自動測量設備,,,,
GKS_Non-Spindle AI检测設備及上下料設備（ACT48),1,有PO,05-23,內部,GKS,已結案,2504,李格寧,43,50,0,278,113,,484,UA0020100033,\\10.97.0.210\lfaf_Engineer\Mechanical\0-專案資料\2024年\6月\4-GKS-non-spindle（48-58）\4.ACT48-3D,,,,
GKS_Non-Spindle AI检测設備及上下料設備（ACT58),1,有PO,05-23,內部,GKS,已結案,2504,李格寧,43,50,0,278,113,,484,UA0020100031,\\10.97.0.210\lfaf_Engineer\Mechanical\0-專案資料\2024年\6月\4-GKS-non-spindle（48-58）\3-ACT58-3D,,,,
GKS_Non-Spindle AI检测設備及上下料設備（ACT30 & ACT41)--,1,有PO,05-23,內部,GKS,已結案,2504,李格寧,43,50,0,278,113,,484,UA0020100034,\\10.97.0.210\lfaf_Engineer\Mechanical\0-專案資料\2024年\6月\6-GKS_Non-Spindle AI检测設備及上下料設備（ACT30 & ACT41）\2-3D,,,,
K35_金屬打磨線（16台）,16,有PO,06-19,內部,K41沖壓,已結案,2501,李格寧,10,10,10,40,20,3,1488,UA0051000003,\\10.97.0.210\lfaf_Engineer\Mechanical\0-專案資料\2024年\7月\1-K35打磨（3代16台）,,,,
"LFAF_Taroko13""16"" C件五軸點膠機",1,無PO,06-19,內部,LFAF,已結案,內部開發,李文奇,0,,,200,,,200,UA1300000006,\\10.97.0.210\lfaf_Engineer\Mechanical\0-專案資料\2024年\6月\1-LFAF五軸點膠,,,,
LFAF_Taroko AI 檢測設備（K41),1,有PO,06-25,內部,LFAF,驗收中,2601,李格寧,0,,,160,160,50,370,UA0020100036,\\10.97.0.210\lfaf_Engineer\Mechanical\0-專案資料\2024年\6月\22-LFAF_Taroko AI 檢測設備,,,,
K41沖壓_C件自動搬運線（新製）（第7條）--Nachi&Funuc,1,有PO,07-15,內部,K41沖壓,已結案,2503,李格寧,已分單台設備,已分單台設備,已分單台設備,已分單台設備,已分單台設備,已分單台設備,,UA0011000006,\\10.97.0.210\lfaf_Engineer\Mechanical\0-專案資料\2024年\7月\11-K41沖壓搬運C件線-7線,,,,
K41沖壓_自動分張上料機,1,有PO,07-15,內部,K41沖壓,已結案,分解專案,李格寧,0,0,0,60,70,0,130,UA0010100085,\\10.97.0.210\lfaf_Engineer\Mechanical\0-專案資料\2024年\7月\12-K41沖壓搬運C件線-8線\3-3D\1.K41-沖壓自动分张上料設備,,,,
K41沖壓_沖壓取放,18,有PO,07-15,內部,K41沖壓,已結案,分解專案,李格寧,5,0,2,12,35,5,1062,UB0000000311,\\10.97.0.210\lfaf_Engineer\Mechanical\0-專案資料\2024年\7月\12-K41沖壓搬運C件線-8線\3-3D\取放機器人,,,,
K41沖壓_平面塗油（1）,1,有PO,07-15,內部,K41沖壓,已結案,分解專案,李格寧,5,10,0,50,30,0,95,UA0010000042,\\10.97.0.210\lfaf_Engineer\Mechanical\0-專案資料\2024年\7月\12-K41沖壓搬運C件線-8線\3-3D\K41-沖壓自动取放平面涂油机-新製,,,,
K41沖壓_四周塗油（修改）（1）,1,有PO,07-15,內部,K41沖壓,已結案,分解專案,李格寧,0,20,0,5,20,0,45,UA0010100088,\\10.97.0.210\lfaf_Engineer\Mechanical\0-專案資料\2024年\7月\12-K41沖壓搬運C件線-8線\3-3D\K42-沖壓四邊塗油機設備-修改,,,,
K41沖壓_A件自動搬運線（新製）（第8條）-（Funnc）,1,有PO,07-15,內部,K41沖壓,已結案,2504,李格寧,已分單台設備,已分單台設備,已分單台設備,已分單台設備,已分單台設備,已分單台設備,,UA0011000005,\\10.97.0.210\lfaf_Engineer\Mechanical\0-專案資料\2024年\7月\12-K41沖壓搬運A件線-8線,,,,
K41沖壓_沖壓取放,13,有PO,07-15,內部,K41沖壓,已結案,分解專案,李格寧,5,0,2,12,35,5,767,UB0000000311,\\10.97.0.210\lfaf_Engineer\Mechanical\0-專案資料\2024年\7月\11-K41沖壓搬運A件線-7線\3-3D\取放機器人,,,,
K41沖壓_四周塗油（修改）（2）,1,有PO,07-15,內部,K41沖壓,已結案,分解專案,李格寧,0,20,0,5,20,0,45,UA0010110065,\\10.97.0.210\lfaf_Engineer\Mechanical\0-專案資料\2024年\7月\11-K41沖壓搬運A件線-7線\3-3D\K41-沖壓自动取放四周涂油机-修改,,,,
K41沖壓_平面塗油（2）,1,有PO,07-15,內部,K41沖壓,已結案,分解專案,李格寧,5,10,0,50,30,0,95,UA0010000042,\\10.97.0.210\lfaf_Engineer\Mechanical\0-專案資料\2024年\7月\11-K41沖壓搬運A件線-7線\3-3D\K41-沖壓自动取放平面涂油机-新製,,,,
K41-沖壓H線自動分张上料机,1,有PO,07-15,內部,K41沖壓,已結案,分解專案,李格寧,0,0,0,60,70,0,130,UA0010100085,\\10.97.0.210\lfaf_Engineer\Mechanical\0-專案資料\2024年\7月\11-K41沖壓搬運A件線-7線\3-3D\1.K41-沖壓自动分张上料設備,,,,
LFAF_鋁衝組裝件變形度及Boss高度自動測量設備(第2台）,1,無PO,07-26,研發組,LFAF,取消,取消,李格寧,0,50,50,100,50,0,250,UA0020000043,\\10.97.0.210\lfaf_Engineer\Mechanical\0-專案資料\2024年\7月\19-LFAF_鋁衝組裝件變形度及Boss高度自動測量設備(第2台）,,,,
K41_Taroko1316C組裝線（第二條線）,1,有PO,08-05,內部,K41,已結案,2507,张祥,100,355,155,180,360,75,1225,UA0061110006,\\10.97.0.210\lfaf_Engineer\Mechanical\0-專案資料\2024年\11月\5.K41-Taroko1316C組裝線（第2條線）,,,,
MPTV_C9CA1 ECU housing AI檢測設備,1,有PO,08-14,內部,GVL,已結案,2503,李格寧,0,,,240,92,10,342,UA0020100045,\\10.97.0.210\lfaf_Engineer\Mechanical\0-專案資料\2024年\10月\5-GVL_C9CE4 ECU housing AI檢測設備,,,,
K41_Taroko 14 B件 導入A01 B件自動線（修改）--5月,1,有PO,08-23,內部,K41,已結案,2508,李格寧,30,140,14,0,330,28,542,UA0061000004,\\10.97.0.210\lfaf_Engineer\Mechanical\0-專案資料\2024年\9月\8- K41_Taroko 14 B件 導入A01 B件自動線,,,,
K7_Arches15-D件修改TRK16D件自动线（多功能线修改）-2--5月,1,有PO,06-03,內部,K7,已結案,2505,赵美利,135,255,50,160,837,,1437,UA0061110002,\\10.97.0.210\lfaf_Engineer\Mechanical\0-專案資料\2024年\8月\14-K7-Arches15-D件修改TRK16D件自动线,,,,
" 自動貼標籤二維碼設備 ",,有PO,08-23,內部,K7,已結案,分解專案,李格寧,分解專案,分解專案,分解專案,分解專案,分解專案,分解專案,,UA0000110156,,,,,
" 自動貼石墨片設備 ",,有PO,08-23,內部,K7,已結案,分解專案,李格寧,分解專案,分解專案,分解專案,分解專案,分解專案,分解專案,,UA0000110153,,,,,
" 自動貼導電泡棉設備 ",,有PO,08-23,內部,K7,已結案,分解專案,李格寧,分解專案,分解專案,分解專案,分解專案,分解專案,分解專案,,UA0000100036,,,,,
" 自動下料取放 ",,有PO,08-23,內部,K7,已結案,分解專案,李格寧,分解專案,分解專案,分解專案,分解專案,分解專案,分解專案,,,,,,,
" 自動檢漏&混料設備 ",,有PO,08-23,內部,K7,已結案,分解專案,李格寧,分解專案,分解專案,分解專案,分解專案,分解專案,分解專案,,,,,,,
修改部分,,有PO,08-23,內部,K7,已結案,分解專案,李格寧,分解專案,分解專案,分解專案,分解專案,分解專案,分解專案,,,,,,,
K7_Arches14-D件修改TRK14D件自动线（倍速线）-12/25,1,有PO,06-03,內部,K7,已結案,2504,赵美利,145,480,218,510,1235,,2588,UA0001110023,\\10.97.0.210\lfaf_Engineer\Mechanical\0-專案資料\2024年\8月\13-K7-Arches14-D件修改TRK14D件自动线（倍速线）,,,,
自動貼長腳墊設備1---12/25出貨---1/15,,有PO,08-23,內部,K7,已結案,分解專案,李格寧,分解專案,分解專案,分解專案,分解專案,分解專案,分解專案,,UA0000100039,,,,,
自動貼長腳墊設備2---12/25出貨---1/15,,有PO,08-23,內部,K7,已結案,分解專案,李格寧,分解專案,分解專案,分解專案,分解專案,分解專案,分解專案,,UA0000100040,,,,,
自動翻轉取放設備---12/25已出貨,,有PO,08-23,內部,K7,已結案,分解專案,李格寧,分解專案,分解專案,分解專案,分解專案,分解專案,分解專案,,UA0010100126,,,,,
自動下料搬運設備---12/25已出貨,,有PO,08-23,內部,K7,已結案,分解專案,李格寧,分解專案,分解專案,分解專案,分解專案,分解專案,分解專案,,UA0010100127,,,,,
自動貼THM_CU_FOIL設備-OK,,有PO,08-23,內部,K7,已結案,分解專案,李格寧,分解專案,分解專案,分解專案,分解專案,分解專案,分解專案,,UA0000110140,,,,,
自動貼CU FOIL設備-OK,,有PO,08-23,內部,K7,已結案,分解專案,李格寧,分解專案,分解專案,分解專案,分解專案,分解專案,分解專案,,UA0000110139,,,,,
自動貼meshL&R設備-OK,,有PO,08-23,內部,K7,已結案,分解專案,李格寧,分解專案,分解專案,分解專案,分解專案,分解專案,分解專案,,UA0000110141,,,,,
自動貼無紡布設備1-OK,,有PO,08-23,內部,K7,已結案,分解專案,李格寧,分解專案,分解專案,分解專案,分解專案,分解專案,分解專案,,UA0000110138,,,,,
自動下料搬運設備---12/25出貨---1/8,,有PO,08-23,內部,K7,已結案,分解專案,李格寧,分解專案,分解專案,分解專案,分解專案,分解專案,分解專案,,,,,,,
自動貼導電泡棉---12/25已出貨,,有PO,08-23,內部,K7,已結案,分解專案,李格寧,分解專案,分解專案,分解專案,分解專案,分解專案,分解專案,,,,,,,
自動壓輔料設備---12/25已出貨,,有PO,08-23,內部,K7,已結案,分解專案,李格寧,分解專案,分解專案,分解專案,分解專案,分解專案,分解專案,,,,,,,
自動檢漏&混料設備-OK,,有PO,08-23,內部,K7,已結案,分解專案,李格寧,分解專案,分解專案,分解專案,分解專案,分解專案,分解專案,,UA0020100039,,,,,
自動下料搬運設備---12/25出貨----1/8,,有PO,08-23,內部,K7,已結案,分解專案,李格寧,分解專案,分解專案,分解專案,分解專案,分解專案,分解專案,,,,,,,
自動檢測螺絲混料下料設備（沒發圖）元旦后出货---1/15,,有PO,08-23,內部,K7,已結案,分解專案,李格寧,分解專案,分解專案,分解專案,分解專案,分解專案,分解專案,,,,,,,
倍速線治具---12/25已出貨,,有PO,08-23,內部,K7,已結案,分解專案,李格寧,分解專案,分解專案,分解專案,分解專案,分解專案,分解專案,,UB0000020922/UB0000020983,,,,,
修改部分---12/25已出貨,,有PO,08-23,內部,K7,已結案,分解專案,李格寧,分解專案,分解專案,分解專案,分解專案,分解專案,分解專案,,,,,,,
K21_ Altis自動組裝線新增自動貼裝飾條設備   （第1條線里的）,1,有PO,08-30,內部,K21,已結案,分解專案,李格寧,50,150,200,150,150,,700,UA0000100038,\\10.97.0.210\lfaf_secrecy\1.K21_ALTIS自動组装线（第二條Switch自動線）\8-K21_ Altis自動組裝線新增自動貼裝飾條設備,,,,
K21_Switch自動線改Altis自動線（修改）,1,有PO,09-06,內部,K21,已結案,2508,李格寧,100,1050,620,1902,1592,280,5544,UA0061110004,\\10.97.0.210\lfaf_secrecy\7-K21_waltz自動線改Altis自動線,,,,
K41沖壓_C件自動搬運線(第9條）--Nachi&Fanuc--5月,1,有PO,09-10,內部,K41沖壓,已結案,2505,李格寧,20,20,2,172,160,5,379,UA0011000008,\\10.97.0.210\lfaf_Engineer\Mechanical\0-專案資料\2024年\11月\3-K41沖壓_C件自動搬運線(第9條）--Nachi&Fanuc,,,,
MPTV_C件自動搬運線（第1條）- MMC,1,有PO,09-18,內部,MPTV,已結案,2502,李格寧,50,20,2,172,145,5,394,UA0011000010,\\10.97.0.210\lfaf_Engineer\Mechanical\0-專案資料\2024年\12月\2.MPTV_AC件沖壓自動搬運線（1、2條）,,,,
MPTV_A件自動搬運線（第2條）- MMC,1,有PO,09-18,內部,MPTV,已結案,2502,李格寧,50,20,2,172,145,5,394,UA0011000009,\\10.97.0.210\lfaf_Engineer\Mechanical\0-專案資料\2024年\12月\2.MPTV_AC件沖壓自動搬運線（1、2條）,,,,
MPTV_點膠自動上料取放單元 - PMC,2,有PO,09-19,內部,MPTV,已結案,2502,李格寧,0,,,,,,0,無；由製造維護,\\10.97.0.210\lfaf_Engineer\Mechanical\1-評估方案\2024年\9月\124-MPTV_AC bounding線,,,,
K41沖壓_放錯位防雙片裝置,94,有PO,09-25,內部,K41沖壓,已結案,2505,李格寧,0,0,0,6,0,0,564,UA0010010005,\\10.97.0.210\lfaf_Engineer\Mechanical\0-專案資料\2024年\10月\1-K41沖壓_放錯位防雙片裝置,,,,
K41_Taroko16 AC件組裝增加點膠稱重Bonding取放自動化,1,有PO,10-10,內部,K41,取消,取消,李文奇,130,40,260,60,240,20,750,UA1300000009；UA0061110007,\\10.97.0.210\lfaf_Engineer\Mechanical\0-專案資料\2024年\11月\8-K41-Taroko16 AC件組裝增加點膠稱重Bonding取放自動化,,,,
MPTV_自動打磨設備（8台）--1/3,8,有PO,10-11,內部,MPTV,已結案,2501,李格寧,0,10,0,40,50,0,800,UA0050000015,\\10.97.0.210\lfaf_Engineer\Mechanical\0-專案資料\2024年\10月\3-MPTV_自動打磨設備（8台）,,,,
GCS_C9CH1&C9CH2 貼標機增加與MES交互功能,1,有PO,10-14,內部,GCS,已結案,2504,李格寧,0,,100,150,50,,300,UA0000110182,\\10.97.0.210\lfaf_Engineer\Mechanical\0-專案資料\2025年\7月\5.GCS_C9CH1&C9CH2 貼標機增加與MES交互功能\2-电控,,,,
GVL_C8CB1方向盤鐳雕設備（第2台）,1,有PO,10-16,內部,GVL,取消,暫停,李格寧,0,80,120,80,100,0,380,,\\10.97.0.210\lfaf_Engineer\Mechanical\0-專案資料\2024年\9月\1.GVL_C8CB1方向盤鐳雕設備,,,,
MPTV_五軸點膠機（第2批）--1/10,8,有PO,10-18,內部,MPTV,已結案,2501,李格寧,0,0,0,10,20,0,240,UA1300000008,\\10.97.0.210\lfaf_Engineer\Mechanical\0-專案資料\2024年\11月\7-MPTV_五軸點膠機（第2批）,,,,
K21_cell1 自動組裝泡棉墊磁鐵設備,1,有PO,10-25,內部,K21,,分解專案,卢楚文,分解專案,分解專案,分解專案,分解專案,分解專案,分解專案,,UA0060100024,\\10.97.0.210\lfaf_secrecy\7-K21_waltz自動線改Altis自動線\3-3D,,,,
K21_cell2 自動組裝滑軌件鎖螺絲設備,1,有PO,10-25,內部,K21,已結案,分解專案,卢楚文,分解專案,分解專案,分解專案,分解專案,分解專案,分解專案,,UA0061100004,\\10.97.0.210\lfaf_secrecy\7-K21_waltz自動線改Altis自動線\3-3D,,,,
K21_cell3 自動組裝LENS、組鎖側蓋設備,1,有PO,10-25,內部,K21,已結案,分解專案,卢楚文,分解專案,分解專案,分解專案,分解專案,分解專案,分解專案,,UA0060100025,\\10.97.0.210\lfaf_secrecy\7-K21_waltz自動線改Altis自動線\3-3D,,,,
K21_Waltz-cell3修改ALTIS-cell4 自動組裝下蓋設備 -2/15,1,有PO,10-25,內部,K21,已結案,分解專案,卢楚文,分解專案,分解專案,分解專案,分解專案,分解專案,分解專案,,UA0060110019,\\10.97.0.210\lfaf_secrecy\7-K21_waltz自動線改Altis自動線\3-3D,,,,
K21_Waltz-cell2修改ALTIS-cell5 鎖下蓋R -2/15,1,有PO,10-25,內部,K21,已結案,分解專案,卢楚文,分解專案,分解專案,分解專案,分解專案,分解專案,分解專案,,UA0060110020,\\10.97.0.210\lfaf_secrecy\7-K21_waltz自動線改Altis自動線\3-3D,,,,
K21_Waltz-cell4修改ALTIS-cell6 鎖下蓋L -2/15,1,有PO,10-25,內部,K21,已結案,分解專案,卢楚文,分解專案,分解專案,分解專案,分解專案,分解專案,分解專案,,UA0060110021,\\10.97.0.210\lfaf_secrecy\7-K21_waltz自動線改Altis自動線\3-3D,,,,
K21_cell7 自動組裝鎖上Grip設備-部分新製 -2/15,1,有PO,10-25,內部,K21,已結案,分解專案,卢楚文,分解專案,分解專案,分解專案,分解專案,分解專案,分解專案,,UA0060110022,\\10.97.0.210\lfaf_secrecy\7-K21_waltz自動線改Altis自動線\3-3D,,,,
K21_Waltz-cell1修改ALTIS-cell8 組鎖下Grip -2/15,1,有PO,10-25,內部,K21,已結案,分解專案,卢楚文,分解專案,分解專案,分解專案,分解專案,分解專案,分解專案,,UA0060110023,\\10.97.0.210\lfaf_secrecy\7-K21_waltz自動線改Altis自動線\3-3D,,,,
K21_ cell9 自動組裝壓軟膠塞設備,1,有PO,10-25,內部,K21,已結案,分解專案,卢楚文,分解專案,分解專案,分解專案,分解專案,分解專案,分解專案,,UA0060100023,\\10.97.0.210\lfaf_secrecy\7-K21_waltz自動線改Altis自動線\3-3D,,,,
MPTV_組裝貼附自動化線﹣C件 16 - PMC,1,有PO,10-29,內部,MPTV,已結案,2502,李格寧,50,250,60,360,0,0,720,UA0061100015 ,\\10.97.0.210\lfaf_Engineer\Mechanical\0-專案資料\2024年\12月\1.MPTV-TRK16A件組裝線,,,,
MPTV_組裝貼附自動化線﹣A件 16 - PMC,1,有PO,10-29,內部,MPTV,已結案,2502,李格寧,20,160,40,240,0,0,460,UA0061100014,\\10.97.0.210\lfaf_Engineer\Mechanical\0-專案資料\2024年\12月\1.MPTV-TRK16A件組裝線,,,,
MPTV-沖壓噴油設備,1,有PO,10-31,內部,MPTV,已結案,設變/調試,孙辉,20,30,30,50,30,,160,UA0010000045,\\10.97.0.210\lfaf_Engineer\Mechanical\0-專案資料\2024年\10月\7-MPTV-沖壓噴油機,,,,
MPTV_HGU自動貼附線,1,無PO,11-01,內部,MPTV,取消,取消,李格寧,10,60,20,120,,,210,未申請,\\10.97.0.210\lfaf_Engineer\Mechanical\1-評估方案\2024年\11月\138.MPTV_HGU自動貼附線,,,,
K41沖壓_自動噴油設備,12,有PO,11-07,內部,K41沖壓,驗收預留,2601,李格寧,0,0,0,20,5,0,300,UA0010000060,\\10.97.0.210\lfaf_Engineer\Mechanical\0-專案資料\2025年\6月\3-K41沖壓噴油機,,,,
K41_KB件自動線修改,1,無PO,11-08,內部,K41,取消,取消,李格寧,0,0,0,0,0,0,0,,,,,,
MPTV_組裝貼附自動化線﹣C件 14 - PMC,1,有PO,11-13,內部,MPTV,已結案,2503,李格寧,0,348,348,,,,696,UA0061100017,\\10.97.0.210\lfaf_Engineer\Mechanical\0-專案資料\2024年\12月\6.MPTV-TRK14A件點膠Bonding組裝線,,,,
MPTV_組裝貼附自動化線﹣A件  14 - PMC,1,有PO,11-13,內部,MPTV,已結案,2503,李格寧,0,365,176,,,,541,UA0061100016,\\10.97.0.210\lfaf_Engineer\Mechanical\0-專案資料\2024年\12月\6.MPTV-TRK14A件點膠Bonding組裝線\1-評估資料,,,,
MPTV _安全带支架螺母缺陷检查設備--1/10,1,有PO,11-15,內部,MPTV,已結案,2501,李格寧,0,150,150,300,100,,700,UA0020000044,\\10.97.0.210\lfaf_Engineer\Mechanical\0-專案資料\2024年\11月\6-MPTV MMC全尺寸量測設備\6.R003,,,,
GVL_C9CK7K8 測漏設備,1,有PO,11-20,內部,GVL,已結案,2503,李格寧,0,,,,,,0,UA0020110028,\\10.97.0.210\lfaf_Engineer\Mechanical\0-專案資料\2024年\11月\9.GVL_C9CK7K8 測漏設備,,,,
K41_Taroko1316A組裝線（第二條線）,1,有PO,11-20,內部,K41,已結案,2508,李文奇,0,565,230,425,740,135,2095,UA0061110005,\\10.97.0.210\lfaf_Engineer\Mechanical\0-專案資料\2024年\11月\4.K41-Taroko1316A組裝線（第2條線）,,,,
K21_ cell10自動貼裝飾條設備 ,1,有PO,11-21,內部,K21,已結案,分解專案,卢楚文,分解專案,分解專案,分解專案,分解專案,分解專案,分解專案,,UA0000100038,\\10.97.0.210\lfaf_secrecy\7-K21_waltz自動線改Altis自動線\3-3D,,,,
"  GVL_HANDLE壓鑄串線-花鍵上料（第2套）",1,有PO,11-25,內部,GVL,取消,暫停,李格寧,50,150,30,30,10,,270,,\\10.97.0.210\lfaf_Engineer\Mechanical\0-專案資料\2024年\10月\4-GVL-HANDLE壓鑄串線,,,,
GVL_HANDLE壓鑄串線-風冷架（第2套）,1,有PO,11-25,內部,GVL,取消,暫停,李格寧,,,,,,,0,,\\10.97.0.210\lfaf_Engineer\Mechanical\0-專案資料\2024年\10月\4-GVL-HANDLE壓鑄串線,,,,
K21-Waltz AI檢測修改为Altis AI檢測--出治具,2,有PO,12-02,內部,K21,已結案,2507,李格寧,0,30,0,0,100,,260,,\\10.97.0.210\lfaf_secrecy\10-K21-Waltz AI檢測修改为Altis AI檢測,,,,
K21_H Model 自動貼撕雙面膠設備--09,1,有PO,12-04,內部,K21,已結案,2509,李格寧,50,180,50,80,60,10,430,UA0000100091,\\10.97.0.210\lfaf_secrecy\8-K21-H-model貼撕雙面膠專案,,,,
K41沖壓_衝壓線鐳雕增加掃碼取放,1,無PO,12-06,內部,K41沖壓,取消,取消,李格寧,30,60,50,20,30,5,195,未申請,\\10.97.0.210\lfaf_Engineer\Mechanical\1-評估方案\2024年\12月\145.K41-沖壓鐳雕增加掃碼取放專案\1-評估資料,,,,
K21-Altis 手工線增加貼飾條設備,1,有PO,12-09,內部,K21,已結案,2506,李格寧,,,,,,,0,UA0000100038,\\10.97.0.210\lfaf_secrecy\9-K21-手工線Altis貼飾條專案,,,,
K21-Altis 自動線第二條 AI檢測設備,2,有PO,12-09,內部,K21,外部調試中,2601,李格寧,10,30,25,210,170,0,890,UA0021100003,\\10.97.0.210\lfaf_Engineer\Mechanical\0-專案資料\2025年\6月\5-K21-Altis 自動線第二條 AI檢測設備,,,,
K21-TRK hinger自動加工打磨設備,1,無PO,12-09,內部,K21,取消,取消,李格寧,0,0,0,0,0,0,0,,,,,,
K21-立體烤箱自動供料設備,1,無PO,12-09,內部,K21,取消,取消,李格寧,0,0,0,0,0,0,0,,,,,,
K33_6軸擺釘機--5月--09,2,有PO,12-18,內部,K33,已結案,2509,李格寧,20,50,80,60,30,5,490,UA0010000055,\\10.97.0.210\lfaf_Engineer\Mechanical\0-專案資料\2024年\12月\8-K33-六軸模內insert擺釘設備,,,,
K41沖壓_hinger自動化組裝線,1,無PO,12-18,內部,K41沖壓,暫停,2607,李格寧,100,280,240,340,90,30,1080,未申請,\\10.97.0.210\lfaf_Engineer\Mechanical\1-評估方案\2025年\1月\002.K41-沖壓組裝hinger自動化組裝線,,,,
LFAF_AIDC檢測設備（實驗用---台北使用）,1,無PO,12-18,內部,LFAF,已結案,內部開發,李格寧,0,,,160,160,50,370,UA0020100028,\\10.97.0.210\lfaf_Engineer\Mechanical\0-專案資料\2024年\4月\9.GCS_Spidler-AIDC檢測設備(C8C27),,,,
MPTV_C件自動搬運線（第3條）- MMC,1,有PO,12-18,內部,MPTV,已結案,2503,李格寧,,,,172,145,5,322,UA0011000010,\\10.97.0.210\lfaf_Engineer\Mechanical\0-專案資料\2024年\12月\2.MPTV_AC件沖壓自動搬運線（3、4條）,,,,
MPTV_A件自動搬運線（第4條）- MMC,1,有PO,12-18,內部,MPTV,已結案,2504,李格寧,,,,,,,0,UA0011000009,\\10.97.0.210\lfaf_Engineer\Mechanical\0-專案資料\2024年\12月\2.MPTV_AC件沖壓自動搬運線（3、4條）,,,,
K7_A Bounding線（第2條）- 14,1,有PO,12-20,內部,K7,已結案,2506,李格寧,115,365,176,85,822,125,1688,UA0061100018,\\10.97.0.210\lfaf_Engineer\Mechanical\0-專案資料\2025年\1月\1.K7-TRK14-A件Bounding線（第2條）,,,,
MPTV_五軸點膠機（第3批）,7,有PO,12-25,內部,MPTV,已結案,2503,李格寧,0,,,10,20,,210,UA1300000008,\\10.97.0.210\lfaf_Engineer\Mechanical\0-專案資料\2024年\12月\7.MPTV-五軸點膠機（第三批）,,,,
K7_C Bounding線（第2條）- 14,1,有PO,01-04,內部,K7,已結案,2505,李格寧,80,285,111,55,502,85,1118,UA0061100019,\\10.97.0.210\lfaf_Engineer\Mechanical\0-專案資料\2025年\1月\2.K7-TRK14-C件Bounding線（第2條）,,,,
MPTV_打磨設備（3台）,3,有PO,01-04,內部,MPTV,已結案,2503,李格寧,0,10,0,40,50,0,300,UA0050000014；UA0050000015,\\10.97.0.210\lfaf_Engineer\Mechanical\0-專案資料\2025年\1月\3-MPTV_打磨設備（2左機1右）,,,,
MPTV_安全帶支架鉚接組裝自動線,1,無PO,01-10,內部,MPTV,取消,取消,李格寧,0,0,0,0,0,0,0,,,,,,
MPTV_安全帶支架點焊組裝自動線,1,無PO,01-10,內部,MPTV,取消,取消,李格寧,0,0,0,0,0,0,0,,,,,,
K7_有無檢測設備增加線掃螺母上浮下陷專案（綜合檢測機）,1,無PO,01-13,內部,K7,暫停,暫停,李格寧,60,24,50,,100,,234,未申請,\\10.97.0.210\lfaf_Engineer\Mechanical\1-評估方案\2025年\2月\003.K7-有無檢測設備增加線掃螺母上浮下陷專案（綜合檢測機）,,,,
MPTV_模内埋镁件设备（發那科 12KG),2,有PO,01-13,內部,MPTV,已結案,2503,李格寧,39,55,47,5,60,10,432,UA0010100155,\\10.97.0.210\lfaf_Engineer\Mechanical\0-專案資料\2025年\1月\6-MPTV-鋁件模內Insert設備,,,,
"MPTV_自動擺PIN設備（Nachi 7KG）
",1,有PO,01-13,內部,MPTV,已結案,2503,李格寧,0,80,40,60,30,,210,UA0010000030,\\10.97.0.210\lfaf_Engineer\Mechanical\0-專案資料\2025年\1月\5-MPTV_自動擺PIN設備 ( 兩個機種 HGU1110-24、HGU1120-24 ),,,,
K33-ICS 鐉膠口&打磨&檢測自動化,1,無PO,01-17,內部,K41,取消,取消,李格寧,,,,,,,0,未申請,\\10.97.0.210\lfaf_Engineer\Mechanical\1-評估方案\2025年\001.K33-ICS 鐉膠口&打磨&檢測自動化,,,,
MPTV-Altis 手工線增加貼飾條設備,1,無PO,01-17,內部,MPTV,取消,取消,李格寧,,,,,,,0,未申請,\\10.97.0.210\lfaf_secrecy\9-K21-手工線Altis貼飾條專案,,,,
GVL-BAC49鐳雕露白設備,1,無PO,01-17,內部,GVL,取消,取消,李格寧,35,,,,,,35,未申請,\\10.97.0.210\lfaf_Engineer\Mechanical\1-評估方案\2025年\000.GVL-BAC49鐳雕露白設備,,,,
GVL_方向盤精修設備,1,無PO,02-06,內部,GVL,取消,取消,李格寧,0,,,,,,0,未申請,\\10.97.0.210\lfaf_Engineer\Mechanical\1-評估方案\2025年\2月\005.GVL_方向盤精修設備,,,,
K7-Arches15-D件修改TRK16D件自动线貼長腳墊設備修改,2,無PO,02-08,內部,K7,已結案,設變/調試,申正良,0,50,50,50,50,,400,UA0000110186,\\10.97.0.210\lfaf_Engineer\Mechanical\0-專案資料\2024年\8月\14-K7-Arches15-D件修改TRK16D件自动线\2-3D\第二站：自動貼長腳墊設備1,,,,
K21-ALTIS上Grip自動上料設備,1,有PO,02-11,內部,K21,已結案,分解專案,卢楚文,分解專案,分解專案,分解專案,分解專案,分解專案,分解專案,,UA0010110076,\\10.97.0.210\lfaf_secrecy\7-K21_waltz自動線改Altis自動線\3-3D,,,,
K21-ALTIS上蓋自動上料設備,1,有PO,02-11,內部,K21,已結案,分解專案,卢楚文,分解專案,分解專案,分解專案,分解專案,分解專案,分解專案,,UA0010110077,\\10.97.0.210\lfaf_secrecy\7-K21_waltz自動線改Altis自動線\3-3D,,,,
K21-ALTIS下Grip自動下料設備,1,有PO,02-11,內部,K21,已結案,分解專案,卢楚文,分解專案,分解專案,分解專案,分解專案,分解專案,分解專案,,UA0010110078,\\10.97.0.210\lfaf_secrecy\7-K21_waltz自動線改Altis自動線\3-3D,,,,
K21-ALTIS下蓋自動上料設備,1,有PO,02-11,內部,K21,已結案,分解專案,卢楚文,分解專案,分解專案,分解專案,分解專案,分解專案,分解專案,,UA0010110079,\\10.97.0.210\lfaf_secrecy\7-K21_waltz自動線改Altis自動線\3-3D,,,,
K21-ALTIS側滑軌自動上料設備,1,有PO,02-11,內部,K21,已結案,分解專案,卢楚文,分解專案,分解專案,分解專案,分解專案,分解專案,分解專案,,UA0010110080,\\10.97.0.210\lfaf_secrecy\7-K21_waltz自動線改Altis自動線\3-3D,,,,
GVL_C9CB0&C9CE7精修機,4,有PO,02-14,內部,GVL,已結案,2506,李格寧,50,50,50,50,30,0,920,UA0050000018,\\10.97.0.210\lfaf_Engineer\Mechanical\0-專案資料\2021年\9月\4.GVL-C9CE7精修機,,,,
K41沖壓-MAGNA自動貼泡棉設備（挪用MPTV）,1,無PO,02-18,內部,K41沖壓,驗收預留,2605,张祥,,,,,,,0,UA0000100092,\\10.97.0.210\lfaf_Engineer\Mechanical\0-專案資料\2025年\2月\1-K41-沖壓-MAGNA自動貼泡棉設備,,,,
K41_多功能機（補越南）,1,有PO,02-18,內部,K41,已結案,分解專案,李格寧,分解專案,分解專案,分解專案,分解專案,分解專案,分解專案,,申請中,\\10.97.0.210\lfaf_Engineer\Mechanical\0-專案資料\2025年\2月,,,,
K21_鋁件模內上料取放增加掃碼,5,有PO,02-18,內部,K21,已結案,2506,李格寧,,,,,,,0,UA0020110031,,,,,
GCS_C9CG1烘烤段自動檢測有無二維碼專案,1,無PO,02-18,內部,GCS,取消,暫停,李格寧,,,,,,,0,,,,,,
K33-右進D2.7*M1.5*L2.0熱熔頭不共用件,1,無PO,02-22,內部,K41,已結案,2505,张祥,,,,,,,0,UA0070100046,\\10.97.0.210\lfaf_Engineer\Mechanical\0-專案資料\2025年\2月\3-K33-直進D2.7M1.5L2.0熱熔頭不共用件,,,,
LFAF_多功能設備（LFAF 備用）,1,無PO,02-24,內部,LFAF,庫存,內部開發,李格寧,,,,,,,0,UA0000110188,,,,,
K33-KDB10/LDB44小件自動上料貼附收料線,1,有PO,02-24,內部,K33,設計發圖中,2607,张祥,50,260,170,230,130,8,848,UA0001100008,\\10.97.0.210\lfaf_Engineer\Mechanical\0-專案資料\2025年\10月\14-K33-IDB10小件自動上料貼附收料線\2-3D,,,,
K33_第四代-油式MHCM設備及周邊設備,3,有PO,02-27,內部,K33,驗收預留,2601,李格寧,,80,,25,,,315,UA0101400003,\\10.97.0.210\lfaf_Engineer\Mechanical\0-專案資料\2025年\5月\2-K33_第四代-油式MHCM設備及周邊設備,,,,
K7-TRK14-C件鍵盤框溢膠檢測設備,1,無PO,02-28,內部,K7,暫停,暫停,李格寧,,,,,,,0,未申請,\\10.97.0.210\lfaf_Engineer\Mechanical\1-評估方案\2025年\3月\010.K7-TRK14-C件鍵盤框溢膠檢測設備,,,,
K7_K2上料設備更換Tray盤,1,無PO,02-28,內部,K7,取消,取消,李格寧,,,,,,,0,未申請,\\10.97.0.210\lfaf_Engineer\Mechanical\1-評估方案\2025年\3月\011.K7-IDZK2自動上下料設備修改\2-評估資料,,,,
GVL_三面鐳雕掃碼檢測設備(55/56),2,有PO,03-10,內部,GVL,已結案,2505,李格寧,,,,,,,0,UA0020100066,\\10.97.0.210\lfaf_Engineer\Mechanical\0-專案資料\2025年\3月\5.GVL_三面鐳雕設備(55-56),,,,
K7_6軸擺釘機（雙滑台）,1,無PO,03-10,內部,K7,取消,取消,李格寧,0,0,0,0,0,0,0,,,,,,
K7_6軸擺釘機（單滑台）,1,無PO,03-10,內部,K7,取消,取消,李格寧,0,0,0,0,0,0,0,,,,,,
K7_IDZK2自動貼保護膜設備-12月,1,領用,03-19,內部,K7成型,外部調試中,2512,李格寧,75,120,100,120,100,20,535,未申請,\\10.97.0.210\lfaf_Engineer\Mechanical\0-專案資料\2025年\7月\16-K7_K2保護膜導入自動化專案,,,,
K7_C件四周保護膜導入自動化專案（實驗案）,1,無PO,03-19,內部,K7,已結案,2512,李格寧,80,160,60,120,120,20,560,UA0000100094,\\10.97.0.210\lfaf_Engineer\Mechanical\1-評估方案\2025年\3月\015.K7-側邊保護膜貼附,,,,
K21-KDP60量测(第2台）,1,無PO,03-19,研發組,K21,驗收預留,2605,李格寧,30,80,300,150,100,30,690,UA0020000043,\\10.97.0.210\lfaf_Engineer\Mechanical\0-專案資料\2025年\4月\3-K21-KDP60自動量測設備,,,,
GCS_AIDC C8C27設備優化CT--5月,1,有PO,03-19,內部,GCS,已結案,2505,李格寧,,,,,96,,96,UA0020100065,\\10.97.0.210\lfaf_Engineer\Mechanical\0-專案資料\2025年\3月\7.GCS_AIDC C8C27設備優化CT,,,,
K31-機器人機架,1,無PO,03-22,內部,K31,取消,暫停,张祥,,,,,,,0,未申請,\\10.97.0.210\lfaf_Engineer\Mechanical\1-評估方案\2025年\3月\016.K31-機器人機架,,,,
MPTV-五軸點膠機,3,有PO,03-22,內部,MPTV,已結案,2506,李格寧,,,,,,,0,UA1300000008,\\10.97.0.210\lfaf_Engineer\Mechanical\0-專案資料\2025年\3月\4.MPTV-五軸點膠機,,,,
K21-機器人（7Kg）,3,有PO,03-26,內部,K21,已結案,2504,李格寧,,,,,,,0,,,,,,
GCS-C9CC6檢測露白二維碼設備,1,無PO,03-27,內部,GCS,暫停,暫停,张祥,90,110,100,140,80,10,530,未申請,\\10.97.0.210\lfaf_Engineer\Mechanical\1-評估方案\2025年\3月\018.GCS_C9CC6鐳雕露白二維碼檢測專案,,,,
MPTV_自動組裝線增加設備,1,有PO,04-02,內部,MPTV,已結案,2507,李格寧,,,,,,,0,UA0061100020、UA0061100021,\\10.97.0.210\lfaf_Engineer\Mechanical\0-專案資料\2025年\4月\4-MPTV_自動組裝線增加設備,,,,
k21_H model rubber,1,無PO,04-02,內部,K21,已結案,設變/調試,李格寧,,,,,,,0,,,,,,
K7-TRK14D件點膠裝磁鐵bonding取放專案（Cell）,1,無PO,04-03,內部,K7,暫停,暫停,李格寧,45,140,30,57,66,17,355,未申請,\\10.97.0.210\lfaf_Engineer\Mechanical\1-評估方案\2025年\3月\013.K7-TRK14D件點膠裝磁鐵bonding取放專案,,,,
K7-IDZK2自動裝黑膠墊設備-12月,1,領用,04-07,內部,K7成型,外部調試中,2512,李格寧,50,80,50,80,50,10,320,UA0000110194,\\10.97.0.210\lfaf_Engineer\Mechanical\0-專案資料\2025年\7月\14-K7-IDZK2自動裝黑膠墊設備,,,,
K41-TRK16-AC線點膠取放修改雙機頭,4,無PO,04-07,內部,K41,已結案,設變/調試,张祥,,,,,,,0,UB0000000345,\\10.97.0.210\lfaf_Engineer\Mechanical\0-專案資料\2025年\4月\2-K41-TRK16-AC線點膠取放修改雙機頭,,,,
K41-TRK13-16-AC線膠路檢測增加鐳雕檢測link專案,4,無PO,04-07,內部,K41,取消,取消,张祥,,,,,,,0,未申請,\\10.97.0.210\lfaf_Engineer\Mechanical\1-評估方案\2025年\4月\021.K41_TAROKO 自動線OCR LINK(膠路檢測升級),,,,
K41-TRK13-AC件增加貼保護膜設備,2,無PO,04-07,內部,K41,取消,取消,张祥,30,60,30,30,10,10,340,未申請,\\10.97.0.210\lfaf_Engineer\Mechanical\1-評估方案\2025年\4月\024.K41-TRK16-AC件增加貼保護膜設備,,,,
K41-TRK16-A件增加貼保護膜設備,1,有PO,04-07,內部,K41,驗收中,2601,张祥,30,60,30,30,10,5,165,UA0000110193,\\10.97.0.210\lfaf_Engineer\Mechanical\0-專案資料\2025年\7月\11.K41-TRK16-A件增加貼保護膜設備,补充中,完成,,
K41-TRK16-A線Bonding導入取放專案,1,有PO,04-07,內部,K41,驗收中,2601,张祥,20,80,40,60,80,10,290,UA0010110083,\\10.97.0.210\lfaf_Engineer\Mechanical\0-專案資料\2025年\7月\13-K41-TRK16-AC線Bonding導入取放自动线,,,,
MPTV-BAC56机械手打磨设备機架,3,有PO,04-11,內部,MPTV,已結案,2505,李格寧,,,,,,,0,UA0050100030,\\10.97.0.210\lfaf_Engineer\Mechanical\0-專案資料\2025年\4月\5-MPTV-BAC56机械手打磨機架设备,,,,
GVL-NIF遊戲機壓鑄串線,1,有PO,04-11,內部,GVL,已結案,2509,张祥,30,60,,,,5,95,無；已分解專案,\\10.97.0.210\lfaf_Engineer\Mechanical\0-專案資料\2025年\7月\18-GVL-NIF遊戲機壓鑄串線,,,,
K7-TRK16D件導入貼保護膜專案（修改）--09,1,有PO,04-11,內部,K7,已結案,2509,张祥,40,80,40,40,90,5,295,UA0000110190,\\10.97.0.210\lfaf_Engineer\Mechanical\0-專案資料\2025年\6月\7-K7-TRK16D件導入貼保護膜專案,,,,
GVL-方向盤壓鑄島增加鐳雕機,1,無PO,04-11,內部,GVL,取消,取消,张祥,,,,,,,0,未申請,\\10.97.0.210\lfaf_Engineer\Mechanical\1-評估方案\2025年\5月\028.GVL-方向盤壓鑄島增加鐳雕機,,,,
K21-双Y双X轴锁螺丝設備（10軸）,1,有PO,04-14,內部,K21,驗收中,2605,李格寧,60,50,70,70,50,0,300,UA0060000014,\\10.97.0.210\lfaf_Engineer\Mechanical\0-專案資料\2025年\11月\7-K21-双Y双X轴锁螺丝設備（10軸）,完成,完成,,
K41沖壓-鐵件（HINGE件）自動檢測漏鉚釘、漏沖孔設備（與沖床對接）,1,無PO,04-16,內部,K41沖壓,暫停,暫停,李科雄,30,50,40,20,30,3,173,未申請,\\10.97.0.210\lfaf_Engineer\Mechanical\1-評估方案\2025年\5月\032.K41沖壓-鐵件（HINGE件）自動檢測漏鉚釘、漏沖孔設備,,,,
K41沖壓-組裝PPID 二維碼掃碼方式改善,2,無PO,04-16,內部,K41沖壓,取消,取消,李科雄,30,50,50,50,80,0,520,未申請,\\10.97.0.210\lfaf_Engineer\Mechanical\1-評估方案\2025年\5月\033.K41沖壓-組裝PPID 二維碼掃碼方式改善,,,,
GVL_濕式打磨台,2,有PO,04-21,內部,GVL,已結案,2504,李格寧,,,,,,,0,未申請,,,,,
K7_自動線優化,1,無PO,04-22,內部,K7,已結案,設變/調試,张祥,,,,,,,0,未申請,,,,,
K41-8S自動線舊設備改善,1,無PO,04-24,內部,K41,取消,取消,李文奇,40,0,0,0,0,0,40,未申請,,,,,
K41-trk13-A件自動線更換華海達設備位置,1,無PO,04-24,內部,K41,取消,取消,李文奇,,,,,,,0,未申請,,,,,
K41沖壓-沖壓線自動碼垛專案,1,無PO,04-24,內部,K41沖壓,與客戶溝通中,2607,李科雄,30,50,50,40,80,0,250,未申請,\\10.97.0.210\lfaf_Engineer\Mechanical\1-評估方案\2025年\5月\034.K41-沖壓線自動碼垛專案,,,,
K21-H-MODEL-inner housing貼泡棉設備,1,有PO,04-29,內部,K21,外部調試中,2601,张祥,30,80,60,100,150,10,430,UA0000100095,\\10.97.0.210\lfaf_Engineer\Mechanical\0-專案資料\2025年\6月\8-K21-H-MODEL-inner housing貼泡棉設備,,,,
K21-H-MODEL-Magnet holder装磁铁設備,1,有PO,04-29,內部,K21,驗收預留,2601,张祥,30,80,100,120,50,10,390,UA0060100045,\\10.97.0.210\lfaf_Engineer\Mechanical\0-專案資料\2025年\5月\7-K21-H-MODEL-Magnet holder装磁铁設備,完成,完成,,
K21-H-MODEL-SL/SR贴泡棉設備,1,有PO,04-29,內部,K21,外部調試中,2601,张祥,30,80,100,100,150,10,470,UA0060100046,\\10.97.0.210\lfaf_Engineer\Mechanical\0-專案資料\2025年\5月\6-K21-H-MODEL-SLSR贴泡棉設備,,,,
K21-H-MODEL-自動折盒扫码装盒設備,1,無PO,04-29,內部,K21,取消,取消,张祥,,,,,,,0,未申請,,,,,
K21-H-MODEL-自動裝lens&腳墊設備,1,有PO,04-29,內部,K21,驗收預留,2601,张祥,30,100,100,150,200,10,590,UA0060100047,\\10.97.0.210\lfaf_Engineer\Mechanical\0-專案資料\2025年\6月\6-K21-H-MODEL-自動裝lens&腳墊設備,完成,,,
K7_Taroko AIDC檢測設備,1,無PO,05-05,內部,LFAF,庫存,2512,李格寧,,,,250,250,,500,UA0020100068,\\10.97.0.210\lfaf_Engineer\Mechanical\0-專案資料\2025年\4月\7-K7_Taroko AIDC檢測設備,,,,
LFAF_ AIDC檢測設備（帶快換功能）,1,無PO,05-07,內部,LFAF,已結案,內部開發,李格寧,,,,,,,0,UA0020100071,\\10.97.0.210\lfaf_Engineer\Mechanical\0-專案資料\2025年\1月\8-LFAF_AIDC檢測設備（帶快換）,,,,
MPTV_35Kg fanuc  機器人和機架,1,有PO,05-09,內部,MPTV,已結案,2506,李格寧,,,,,,,0,UA0010100176,\\10.97.0.210\lfaf_Engineer\Mechanical\0-專案資料\2025年\5月\1-MPTV_35Kg funca  機器人和機架,,,,
GCS_C8C50二代機器改造,1,無PO,05-10,內部,GCS,取消,取消,李格寧,,,,,,,0,,,,,,
K41沖壓-沖壓自動線增加2站翻轉工序,2,有PO,05-14,內部,K41沖壓,驗收中,2511,李格寧,40,50,10,0,10,0,220,UA0010100185,\\10.97.0.210\lfaf_Engineer\Mechanical\0-專案資料\2025年\7月\3-K41沖壓-沖壓自動線增加2站翻轉工序,无,无,,
K41沖壓-沖壓線提速,1,無PO,05-14,內部,LFAF,已結案,設變/調試,李格寧,,,,,,,0,,\\10.97.0.210\lfaf_Engineer\Mechanical\1-評估方案\2025年\5月\042.K41沖壓-沖壓線提速,,,,
K35_打磨抓砂紙結構修改,5,有PO,05-15,內部,K35,已結案,2506,李格寧,,,,,,,0,UB0000050323,\\10.97.0.210\lfaf_Engineer\Mechanical\0-專案資料\2025年\5月\4-K35打磨抓砂纸结构修改,,,,
K21-機器人,6,有PO,05-15,內部,K21,已結案,2506,李格寧,,,,,,,0,,\\10.97.0.210\lfaf_Engineer\Mechanical\0-專案資料\2025年\7月\8.K21-那智機械手,,,,
GKS-自動化設備定位佈置--09,1,有PO,05-21,內部,GKS,已結案,2509,李格寧,,,,,,,0,UB0000040163,\\10.97.0.210\lfaf_Engineer\Mechanical\0-專案資料\2025年\7月\9.GKS-自動化設備定位佈置,,,,
GCS-打碼機增加滑台,2,無PO,05-21,內部,GCS,取消,暫停,李格寧,10,40,20,50,50,0,340,,\\10.97.0.210\lfaf_Engineer\Mechanical\1-評估方案\2025年\5月\044.GCS-打碼機增加滑台,,,,
GVL-XYR旋轉工作台,1,有PO,05-22,內部,GVL,已結案,2507,李格寧,,,,,,,0,,,,,,
MPTV_打磨設備（6台）,6,有PO,05-24,內部,MPTV,已結案,2507,李格寧,,,,,,,0,UA0050000015；UA0050000014,\\10.97.0.210\lfaf_Engineer\Mechanical\3-標準文檔\3-標準設備\15.打磨設備（左機右機）\Solid Edge ST10圖檔,,,,
GCS-機器人,3,有PO,05-28,內部,GCS,已結案,2506,李格寧,,,,,,,0,,\\10.97.0.210\lfaf_Engineer\Mechanical\0-專案資料\2025年\7月\7.GCS-機器人,,,,
K21-貼飾條設備改雙工位壓合--09,1,有PO,06-06,內部,K21,已結案,2509,张祥,20,30,60,0,50,5,165,UA0000110191,\\10.97.0.210\lfaf_Engineer\Mechanical\0-專案資料\2025年\7月\4-K21-貼飾條設備改雙工位壓合,,,,
K7-TRK14A件增加自動裝側邊腳墊設備-10月,1,有PO,06-09,內部,K7,驗收中,2510,张祥,10,20,20,120,60,10,240,UA0010100186,\\10.97.0.210\lfaf_Engineer\Mechanical\0-專案資料\2025年\6月\9.K7-TRK14A件增加自動裝側邊腳墊設備,,,,
K7-TRK14C件點膠Bonding組裝線（第一條）新增設備-10月,2,有PO,06-09,內部,K7,已結案,2510,张祥,5,10,10,60,30,5,240,UA0000100096；UA0000100097,\\10.97.0.210\lfaf_Engineer\Mechanical\0-專案資料\2025年\7月\21-K7-TRK14C件點膠Bonding組裝線（第一條）新增設備,无,无,,
K7-TRK14A件點膠 Bonding組裝線（第一條）修改設備--09,1,有PO,06-09,內部,K7,已結案,2509,张祥,,,,,,,0,UB100C000490,\\10.97.0.210\lfaf_Engineer\Mechanical\1-評估方案\2025年\6月\053-K7-TRK14A件點膠 Bonding組裝線（第一條）修改設備,,,,
K7-TRK14C件第二條線貼側邊保護膜,4,無PO,06-09,內部,K7,取消,取消,张祥,,,,,,,0,,\\10.97.0.210\lfaf_Engineer\Mechanical\1-評估方案\2025年\3月\015.K7-TRK14C件四周保護膜導入自動化專案,,,,
K7-14C件鐵件機頭更改吸取方式（實驗案）,1,無PO,06-09,內部,K7,已結案,設變/調試,张祥,,,,,,,0,無,\\10.97.0.210\lfaf_Engineer\Mechanical\0-專案資料\2025年\6月\4-K41-小泡棉機頭修改,,,,
K41沖壓-鐵件貼附二維碼&裝墊片鎖螺絲設備,1,無PO,06-09,內部,K41沖壓,暫停,暫停,张祥,50,,,,,,50,,\\10.97.0.210\lfaf_Engineer\Mechanical\1-評估方案\2025年\6月\057-K41沖壓-鐵件貼附二維碼&裝墊片鎖螺絲設備,,,,
K41-AI檢測及取放設備,1,有PO,06-10,內部,K41,驗收中,2601,李格寧,20,75,45,225,470,0,835,UA0021100005,\\10.97.0.210\lfaf_Engineer\Mechanical\0-專案資料\2025年\7月\12-K41-AI檢測及取放設備,完成,完成,,
LFAF-尺寸檢測機、綜合檢測機、自動上料：如何串線,1,無PO,06-11,內部,LFAF,取消,取消,李格寧,,,,,,,0,,\\10.97.0.210\lfaf_Engineer\Mechanical\1-評估方案\2025年\7月\066-LFAF-尺寸檢測機、綜合檢測機、自動上料串線,,,,
GCS-鐳雕掃碼檢測增加與MES交互功能--09,2,有PO,06-14,內部,GCS,已結案,2509,李格寧,,,30,35,60,,250,UA1100000019,\\10.97.0.210\lfaf_Engineer\Mechanical\0-專案資料\2025年\7月\9.GCS_鐳雕掃碼檢測增加與MES交互功能,,,,
GCS_自動上料增加視覺對位功能,5,無PO,06-14,內部,GCS,取消,取消,李格寧,,,,,,,0,,\\10.97.0.210\lfaf_Engineer\Mechanical\1-評估方案\2025年\6月\056-GCS_自動上料增加視覺對位功能,,,,
GCS_Spindle-AIDC檢測設備,5,有PO,06-18,內部,GCS,驗收預留,2601,李格寧,20,35,0,240,92,1,1940,UA0020100073   UA0020100074    UA0020100075   UA0020100076,\\10.97.0.210\lfaf_Engineer\Mechanical\0-專案資料\2025年\7月\1-GCS_Spindle-AIDC檢測設備,无,无,,
K41沖壓_自動噴油設備（4台）,4,有PO,06-18,內部,K41沖壓,暫停,暫停,李格寧,0,0,0,20,5,0,100,,\\10.97.0.210\lfaf_Engineer\Mechanical\0-專案資料\2025年\6月\3-K41沖壓噴油機,,,,
GCS_C9CG1盲孔瑕疵檢測設備,1,有PO,06-18,內部,GCS,物料採購中,2608,李格寧,60,120,110,220,150,5,665,UA1100000021,\\10.97.0.210\lfaf_Engineer\Mechanical\0-專案資料\2025年\10月\8.GCS_C9CG1盲孔瑕疵檢測設備,,,,
K7_CCD綜合檢測設備增加功能--09,7,有PO,06-21,內部,K7,已結案,2509,李格寧,,,,,40,,280,UA0020010006,\\10.97.0.210\lfaf_Engineer\Mechanical\0-專案資料\2025年\7月\20-K7_CCD綜合檢測設備增加功能\1-評估資料,,,,
K21-五軸吹氣式螺絲機改吸氣式螺絲機--09,1,有PO,06-23,內部,K21,已結案,2509,张祥,,,,,,,0,UA0060110026,\\10.97.0.210\lfaf_Engineer\Mechanical\0-專案資料\2025年\6月\10.K21-五軸吹氣式螺絲機改吸氣式螺絲機,,,,
GCS-C9CG1安裝軸承檢測專案,1,無PO,06-24,內部,GCS,暫停,暫停,张祥,40,60,30,30,20,5,185,,\\10.97.0.210\lfaf_Engineer\Mechanical\1-評估方案\2025年\6月\61.GCS-C9CG1安裝軸承檢測專案,,,,
K41沖壓-提速（9條線）,9,無PO,06-25,內部,K41沖壓,外部調試中,內部開發,李格寧,,,,,,,0,無,\\10.97.0.210\lfaf_Engineer\Mechanical\1-評估方案\2025年\5月\042.K41沖壓-沖壓線提速,,,,
K33-6軸擺釘機,4,無PO,06-27,內部,K33,取消,取消,李格寧,0,0,0,0,0,0,0,,,,,,
GCS-精修規劃自動化,1,無PO,06-27,內部,GCS,取消,取消,李格寧,0,0,0,0,0,0,0,,,,,,
LFAF-綜合檢測設備優化結構（6+6）,1,無PO,06-27,內部,LFAF,已結案,設變/調試,李格寧,,,,,,,0,無,\\10.97.0.210\lfaf_Engineer\Mechanical\0-專案資料\2025年\6月\11-LFAF-綜合檢測設備優化結構（6+6）,,,,
GVL-自動化鐳雕上下料專案,1,無PO,06-27,內部,GVL,暫停,暫停,李格寧,,10,30,10,50,,100,,\\10.97.0.210\lfaf_Engineer\Mechanical\1-評估方案\2025年\6月\056-GCS_自動上料增加視覺對位功能,,,,
K21-Altis第二條自動線修改（Cell3),1,有PO,06-27,內部,K21,已結案,2510,李格寧,10,20,5,0,60,5,100,UA0060110025,\\10.97.0.210\lfaf_secrecy\14-K21_ALTIS自動组装线（第二條Switch自動線）改善\3-3D\3-自動組裝LENS、組鎖側蓋設備（第二條線）修改前,,,,
GVL-NIF遊戲機壓鑄風冷架設備--09,1,有PO,06-28,內部,GVL,已結案,2509,张祥,10,50,50,,,,110,UA1400000014,\\10.97.0.210\lfaf_Engineer\Mechanical\0-專案資料\2025年\7月\18-GVL-NIF遊戲機壓鑄串線\3-3D\2-GVL-NIF遊戲機壓鑄風冷架設備,,,,
GVL-NIF遊戲機鐳雕檢測設備--09,1,有PO,06-28,內部,GVL,已結案,2509,张祥,30,80,80,60,0,0,250,UA1100000020,\\10.97.0.210\lfaf_Engineer\Mechanical\0-專案資料\2025年\7月\18-GVL-NIF遊戲機壓鑄串線\3-3D\3-GVL-NIF遊戲機鐳雕檢測設備,,,,
MPTV-HUG-LOWER-HOUSING 印刷增加AI檢測專案--09,1,有PO,07-02,內部,MPTV,已結案,2509,张祥,30,60,60,160,100,0,410,UA0020000046,\\10.97.0.210\lfaf_Engineer\Mechanical\0-專案資料\2025年\7月\17-MPTV-HUG-LOWER-HOUSING 印刷增加AI檢測專案,,,,
MPTV-HUG-LOWER-HOUSING 成型鐉澆口專案,1,無PO,07-02,內部,MPTV,取消,取消,张祥,,,,,,,0,,\\10.97.0.210\lfaf_Engineer\Mechanical\1-評估方案\2025年\7月\065.MPTV-HUG專案,,,,
MPTV-HUG cable_cover成型鐉澆口專案,1,無PO,07-02,內部,MPTV,取消,取消,张祥,,,,,,,0,,\\10.97.0.210\lfaf_Engineer\Mechanical\1-評估方案\2025年\7月\065.MPTV-HUG專案,,,,
LFAF-檢測設備開發,1,無PO,07-02,研發組,LFAF,取消,取消,李格寧,,,,,,,0,,\\10.97.0.210\lfaf_Engineer\Mechanical\1-評估方案\2025年\7月\067-LFAF-檢測設備開發,,,,
K21-ALTIS第二站自動組裝鎖側蓋組件設備修改（cell2),1,有PO,07-03,內部,K21,已結案,2510,孙辉,10,20,5,0,60,5,100,UA0060110027,\\10.97.0.210\lfaf_secrecy\14-K21_ALTIS自動组装线（第二條Switch自動線）改善\3-3D\3-自動組裝LENS、組鎖側蓋設備（第二條線）修改前,,,,
GVL-NIF壓鑄取放--09,1,無PO,07-04,內部,GVL,已結案,2509,李格寧,30,50,100,50,140,0,370,UA0011100038,\\10.97.0.210\lfaf_Engineer\Mechanical\0-專案資料\2025年\7月\18-GVL-NIF遊戲機壓鑄串線\3-3D\1.-GVL-NIF壓鑄取放,,,,
LFAF-尺寸檢測機、AIDC檢測機：如何串線,1,無PO,07-04,研發組,LFAF,已結案,分解專案,李格寧,分解專案,分解專案,分解專案,分解專案,分解專案,分解專案,,,\\10.97.0.210\lfaf_Engineer\Mechanical\1-評估方案\2025年\7月\072-LFAF-尺寸檢測機、AIDC檢測機串線,,,,
LFAF-简易AIDC设备,1,無PO,07-04,研發組,LFAF,取消,取消,李格寧,,,,,,,0,,\\10.97.0.210\lfaf_Engineer\Mechanical\1-評估方案\2025年\7月\070-LFAF-简易AIDC设备,,,,
K33-直進D2.7XM1.6XL4.5熱熔頭不共用件,1,無PO,07-04,內部,K33,取消,取消,卢楚文,5,10,,,,,15,,\\10.97.0.210\lfaf_Engineer\Mechanical\0-專案資料\2025年\7月\2-K33-直進D2.7XM1.6XL4.5熱熔頭不共用件,,,,
GCS-C9C14&C9CE6-AI上料評估,1,無PO,07-07,內部,GCS,取消,取消,张祥,30,80,100,80,120,5,415,,\\10.97.0.210\lfaf_Engineer\Mechanical\1-評估方案\2025年\7月\071-GCS-C9C14&C9CE6-AI上料評估,,,,
K21-ALTIS第一站自動組裝磁鐵設備修改（cell1),1,有PO,07-08,內部,K21,已結案,2510,李格寧,10,30,20,0,100,10,170,UA0060110028,\\10.97.0.210\lfaf_secrecy\14-K21_ALTIS自動组装线（第二條Switch自動線）改善,,,,
K7-14A滑台增加防護,1,無PO,07-11,內部,K7,已結案,設變/調試,李格寧,,,,,,,0,,,,,,
K7-14D鐵件修改位置,1,無PO,07-11,內部,K7,已結案,設變/調試,李格寧,,,,,1,,1,,,,,,
K7-14D檢測治具,1,保固,07-11,內部,K7,物料採購中,設變/調試,李格寧,,,1,,1,,2,,,,,,
K7-16D貼小黑泡棉,1,無PO,07-11,內部,K7,已結案,設變/調試,李格寧,,,,,,,0,,,,,,
K7-16D腳墊（第1台）,1,保固,07-11,內部,K7,驗收中,設變/調試,李格寧,,,,,1,,1,,,,,,
K28-板材測厚裝置,1,無PO,07-11,內部,K21,已結案,取消,李格寧,0,0,0,0,0,0,0,,\\10.97.0.210\lfaf_Engineer\Mechanical\1-評估方案\2025年\7月\073-K28-板材測厚裝置,,,,
K33-insert擺釘機修改--09,8,有PO,07-11,內部,K33,已結案,2509,张祥,4,4,30,0,40,0,624,UA0010000062,\\10.97.0.210\lfaf_Engineer\Mechanical\0-專案資料\2025年\7月\15-K33-insert擺釘機修改,,,,
MPTV_Arches15AC改TRK14D自動組裝線（新製部分）,8,有PO,06-28,內部,MPTV,物料採購中,2512,李格寧,145,510,220,440,1070,140,20200,,\\10.97.0.210\lfaf_Engineer\Mechanical\1-評估方案\2025年\6月\63-MPTV_Arches 15AC改 TRK 14D自動組裝線,,,,
K41-TRK16-C件增加貼保護膜設備,1,有PO,07-12,內部,K41,驗收中,2601,张祥,0,40,0,50,40,5,135,UA0000110192,\\10.97.0.210\lfaf_Engineer\Mechanical\0-專案資料\2025年\7月\10.K41-TRK16-C件增加貼保護膜設備,,,,
K41-TRK16-C線Bonding導入取放專案,1,有PO,07-12,內部,K41,驗收中,2601,张祥,20,60,40,60,80,10,270,UA0010110081,\\10.97.0.210\lfaf_Engineer\Mechanical\0-專案資料\2025年\7月\13-K41-TRK16-AC線Bonding導入取放自动线,完成,完成,,
K21-H-MODEL印刷上料,1,有PO,07-14,內部,K21,驗收中,2604,张祥,20,40,130,120,170,10,490,UA0010100189,\\10.97.0.210\lfaf_Engineer\Mechanical\0-專案資料\2025年\8月\1-K21-H-MODEL印刷上料,,,,
K21-H-MODEL印刷收料,1,有PO,07-14,內部,K21,驗收中,2604,张祥,20,40,100,80,70,10,320,UA0010100191,\\10.97.0.210\lfaf_Engineer\Mechanical\0-專案資料\2025年\8月\2-K21-H-MODEL印刷收料,,,,
K21-altis上Housin印刷收料,1,有PO,07-14,內部,K21,外部調試中,2604,张祥,20,40,130,120,170,10,490,UA0010100190,\\10.97.0.210\lfaf_Engineer\Mechanical\0-專案資料\2025年\8月\3-K21-altis上Housin印刷收料,,,,
GVL-WRC03/04激光切料頭,1,無PO,07-15,內部,GVL,取消,取消,张祥,,,,,,,0,,,,,,
GVL-BAC系列折料機評估,1,無PO,07-15,內部,GVL,取消,取消,张祥,,,,,,,0,,,,,,
GVL-NIF檢測設備（用AIDC方案）--10,1,有PO,07-16,內部,GVL,暫停,暫停,李格寧,,,,,,,0,UA0020000047,\\10.97.0.210\lfaf_Engineer\Mechanical\0-專案資料\2025年\7月\18-GVL-NIF遊戲機壓鑄串線\3-3D\4-GVL-NIF檢測設備（用AIDC方案）,,,,
GVL-WRC03鎖螺絲,1,無PO,07-16,內部,GVL,取消,取消,李格寧,0,0,0,0,0,0,0,,,,,,
GVL-WRC01/02/03/04自動打磨,1,無PO,07-16,內部,GVL,取消,取消,李格寧,0,0,0,0,0,0,0,,,,,,
GVL-自動砂光,1,無PO,07-16,內部,GVL,取消,取消,李格寧,0,0,0,0,0,0,0,,,,,,
MPTV-K2自動組裝線,1,無PO,07-18,內部,MPTV,暫停,暫停,李格寧,,,,,,,0,,,,,,
K41-TRK16-C件 AI檢測設備,1,有PO,07-19,內部,K41,外部調試中,2601,李格寧,,,,100,210,,310,UA0020100077,\\10.97.0.210\lfaf_Engineer\Mechanical\0-專案資料\2025年\7月\19-K41-TRK16-C件 AI檢測設備,,,,
GCS-30/41/47共用評估,1,無PO,07-19,內部,GCS,取消,取消,李格寧,0,0,0,0,0,0,0,,\\10.97.0.210\lfaf_Engineer\Mechanical\1-評估方案\2025年\7月\081-GCS-304147共用評估,,,,
LFAF-量測設備（第3台）,1,無PO,07-28,內部,LFAF,外部調試中,內部開發,张祥,,,,1,,,1,UA0020000049,\\10.97.0.210\lfaf_Engineer\Mechanical\0-專案資料\2025年\7月\22-LFAF量測設備,,,,
K41沖壓—噴油機治具A件,8,有PO,07-30,內部,K41沖壓,已結案,分解專案,张祥,分解專案,分解專案,分解專案,分解專案,分解專案,分解專案,,,,,,,
GTK-电池扫码点胶设备,1,無PO,08-02,外部,GTK,暫停,暫停,宋佳骥,,,,,,,0,,\\10.97.0.210\lfaf_Engineer\Mechanical\1-評估方案\2025年\8月\084-GTK-电池扫码点胶设备,,,,
K41-TRK BONDING升級溫控聯機,30,無PO,08-06,內部,K41,暫停,暫停,宋佳骥,,,,,,,0,,\\10.97.0.210\lfaf_Engineer\Mechanical\1-評估方案\2025年\8月\085-K41-TRK BONDING升級溫控聯機\1-評估資料,,,,
LFAF-點膠機功能測試實驗,1,無PO,08-11,內部,LFAF,已結案,內部開發,宋佳骥,,,,,,,0,,,,,,
K21-6+1 CCD螺母正反檢測增加相機(KH9),1,無PO,08-13,內部,K21,暫停,暫停,李格寧,,,,,,,0,,,,,,
GCS-ATC41/30全检机增加MGC01/02,1,有PO,08-18,內部,GCS,外部調試中,2512,李格寧,0,20,0,0,110,0,130,UA0020110033,\\10.97.0.210\lfaf_Engineer\Mechanical\0-專案資料\2025年\10月\2-GCS-ATC4130全检机增加MGC0102,,,,
K41沖壓-kdb10 新机种三款辅料需要导入自动化贴附,3,領用,08-18,內部,K41沖壓,已結案,2510,李格寧,,,,,,,0,,,,,,
K21-Triton A/B/X/Y自動檢驗包裝設備,1,無PO,08-18,內部,K21,暫停,評估中,张祥,,,,,,,0,,\\10.97.0.210\lfaf_Engineer\Mechanical\1-評估方案\2025年\8月\102-K21-Triton ABXY自動檢驗包裝設備,,,,
K21-Triton R&L自動包裝設備,1,無PO,08-18,內部,K21,暫停,暫停,张祥,,,,,,,0,,\\10.97.0.210\lfaf_Engineer\Mechanical\1-評估方案\2025年\8月\088-K21-TritonR L自動包裝設備,,,,
GCS-HSC07打磨設備,2,有PO,08-20,內部,GCS,物料採購中,2608,李格寧,0,50,40,40,0,0,260,,\\10.97.0.210\lfaf_Engineer\Mechanical\0-專案資料\2025年\10月\1-GCS-HSC07打磨設備,,,,
K41沖壓-AI檢測設備,1,無PO,08-20,內部,K41沖壓,與客戶溝通中,2607,李格寧,,,,,,,0,,\\10.97.0.210\lfaf_Engineer\Mechanical\1-評估方案\2025年\8月\090-K41沖壓-AI檢測設備,,,,
K21-NIF-Upper自動點漆取放設備（母模）,3,有PO,08-22,內部,K21,製造中,2603,张祥,,,,,,,0,,,,,,
K21-NIF-Upper AI機器人取放設備,3,有PO,08-22,內部,K21,製造中,2603,张祥,,,,,,,0,,,,,,
K21-NIF-Upper-前置二拆遮噴面漆治具設備,3,有PO,08-22,內部,K21,製造中,2603,张祥,,,,,,,0,,\\10.97.0.210\lfaf_Engineer\Mechanical\0-專案資料\2025年\9月\7-K21-NIF-Upper前置二拆遮噴面漆治具線\2-3D,,,,
K21-NIF-Upper-前置一装絕緣漆治具設備,3,有PO,08-22,內部,K21,物料採購中,2603,张祥,,,,,,,0,,,,,,
K21-NIF-Upper-前置二裝遮噴面漆治具設備,3,有PO,08-22,內部,K21,物料採購中,2603,张祥,,,,,,,0,,\\10.97.0.210\lfaf_Engineer\Mechanical\0-專案資料\2025年\9月\7-K21-NIF-Upper前置二拆遮噴面漆治具線\2-3D,,,,
K21-NIF-Upper-前置二裝遮噴側邊塞子設備 ,3,有PO,08-22,內部,K21,物料採購中,2603,张祥,,,,,,,0,,\\10.97.0.210\lfaf_Engineer\Mechanical\0-專案資料\2025年\9月\7-K21-NIF-Upper前置二拆遮噴面漆治具線\2-3D,,,,
K21-Stand前置線鎖螺絲自動取放設備,,有PO,08-22,內部,K21,製造中,2603,张祥,,,,,,,0,UA0010100203,\\10.97.0.210\lfaf_Engineer\Mechanical\1-評估方案\2025年\8月\099-K21-Stand前置線鎖螺絲自動取放設備,,,,
K21-Stand前置線量測厚度變形取放,3,有PO,08-22,內部,K21,製造中,2603,张祥,,,,,,,0,,,,,,
GCS-C9CH2自動上下料貼附串線,1,無PO,08-23,內部,GCS,暫停,暫停,张祥,,,,,,,0,,,,,,
GCS-HSC07自動鐳雕打碼檢測串線取放設備,1,無PO,08-23,內部,GCS,暫停,暫停,张祥,,,,,,,0,,,,,,
GCS-Spindle沖床自動上下料,1,無PO,08-23,內部,GCS,暫停,暫停,张祥,,,,,,,0,,\\10.97.0.210\lfaf_Engineer\Mechanical\1-評估方案\2025年\9月\109-GCS-Spindle沖床自動上下料,,,,
LFAF-NB件AI自動檢測設備,1,無PO,08-23,內部,LFAF,內部調試,內部開發,张祥,1,1,1,1,1,1,6,UA0020100082,\\10.97.0.210\lfaf_Engineer\Mechanical\0-專案資料\2025年\9月\2-LFAF-NB件AI自動檢測設備,,,,
GCS-震研烘烤自動收料設備,1,無PO,08-23,內部,GCS,暫停,暫停,张祥,,,,,,,0,,,,,,
GCS-ATC47清洗後自動收料上AIDC設備,1,無PO,08-23,內部,GCS,暫停,暫停,张祥,,,,,,,0,,,,,,
K21-NIF-Upper自動取放設備 ,3,有PO,08-23,內部,K21,製造中,2603,张祥,,,,,,,0,,,,,,
K21-NIF-Upper 檢測取放設備,3,有PO,08-23,內部,K21,製造中,2603,张祥,,,,,,,0,,,,,,
K21-Stand拆除螺檢測鐳雕取放線,,有PO,08-23,內部,K21,製造中,2603,张祥,15,90,50,80,90,15,0,UA0010100204,\\10.97.0.210\lfaf_Engineer\Mechanical\0-專案資料\2025年\9月\13-K21-Stand拆除螺檢測鐳雕取放線,,,,
GVL-C8CC0四機連線,2,無PO,08-25,內部,GVL,取消,取消,张祥,0,0,0,0,0,0,0,,,,,,
GVL-C8CC0精修機,2,無PO,08-25,內部,GVL,取消,取消,张祥,0,0,0,0,0,0,0,,,,,,
GVL-C8CT1四機連線,2,無PO,08-25,內部,GVL,取消,取消,张祥,,,,,,,0,,,,,,
GVL-C8CT1精修機,2,無PO,08-25,內部,GVL,取消,取消,张祥,0,80,20,,,,200,,,,,,
GVL-C8CT1四機連線,2,有PO,08-25,內部,GVL,驗收中,2511,张祥,,,,,,,0,UA0010100196,\\10.97.0.210\lfaf_Engineer\Mechanical\0-專案資料\2025年\9月\9-GVL-C8CT1四機連線,,,,
GVL-C8CT1精修機,2,有PO,08-25,內部,GVL,驗收中,2511,张祥,,,,,,,0,UA0050100032,\\10.97.0.210\lfaf_Engineer\Mechanical\0-專案資料\2025年\9月\8-GVL-C8CT1精修機,,,,
K21-NIF-Upper自動點漆取放設備（公模）,3,有PO,08-26,內部,K21,製造中,2603,李格寧,,,,,,,0,,,,,,
GCS-转镜支架角度精度快速检验設備,1,無PO,08-26,內部,GCS,取消,取消,李格寧,,,,,,,0,,,,,,
K41-沖壓線增加鐳雕、清洗、AI檢、平面量測、裝箱、碼垛專案,1,無PO,09-01,內部,K41沖壓,暫停,2607,张祥,,,,,,,0,,\\10.97.0.210\lfaf_Engineer\Mechanical\1-評估方案\2025年\9月\107-K41-沖壓線增加鐳雕、清洗、AI檢、平面量測、裝箱、碼垛專案,,,,
K41-沖壓自動線噴油機機器人12KG變更6KG模擬專案,1,無PO,09-01,內部,K41沖壓,取消,取消,张祥,,,,,,,0,,,,,,
GVL-BAC60上料鐳雕檢測設備,1,無PO,09-01,內部,GVL,物料採購中,2511,张祥,30,80,80,60,120,0,370,,\\10.97.0.210\lfaf_Engineer\Mechanical\0-專案資料\2025年\10月\10.GVL-BAC60上料鐳雕檢測設備,,,,
K21-印刷AI检验瑕疵設備,1,無PO,09-02,內部,K21,取消,取消,张祥,,,,,,,0,,,,,,
K21-雙Y雙X雙Z小型化設備（8軸）,2,有PO,09-02,內部,K21,設計未開始,2607,张祥,,,,,,,0,,\\10.97.0.210\lfaf_Engineer\Mechanical\1-評估方案\2025年\9月\112-K21-雙Y雙X雙Z小型化設備,,,,
K21-NIF-Upper自動上料打磨及檢測取放線,,有PO,09-09,內部,K21,製造中,2603,李格寧,30,120,80,90,100,15,0,UA0060100052,\\10.97.0.210\lfaf_Engineer\Mechanical\0-專案資料\2025年\9月\6-K21-NIF-Upper自動上料打磨及檢測取放線,,,,
K21-NIF-Upper自動打磨設備 1,1,有PO,09-09,內部,K21,製造中,2603,李格寧,,,,,,,0,,,,,,
K21-NIF-Upper壓合檢測取放串線設備 ,3,有PO,09-09,內部,K21,製造中,2603,李格寧,,,,,,,0,,,,,,
K21-NIF-Upper自動點漆取放及裝治具取放線,1,有PO,09-09,內部,K21,製造中,2603,李格寧,20,40,20,40,60,10,190,UA0060100053,\\10.97.0.210\lfaf_Engineer\Mechanical\0-專案資料\2025年\9月\3-K21-NIF-Upper自動點漆取放及裝治具取放線,,,,
K21-NIF-Upper自動量測取放及AI取放線,,有PO,09-09,內部,K21,製造中,2603,李格寧,10,20,10,20,30,5,0,UA0010100202,\\10.97.0.210\lfaf_Engineer\Mechanical\1-評估方案\2025年\8月\094-K21-NIF-Upper自動量測取放及AI取放線,,,,
K21-NIF-Upper前置二拆遮噴面漆治具線,,有PO,09-09,內部,K21,製造中,2603,李格寧,30,240,200,350,310,15,0,UA0060100054,\\10.97.0.210\lfaf_Engineer\Mechanical\0-專案資料\2025年\9月\7-K21-NIF-Upper前置二拆遮噴面漆治具線,,,,
K21-Stand前置線鐳雕自動取放設備,3,有PO,09-09,內部,K21,製造中,2603,李格寧,,,,,,,0,,,,,,
GCS-镭雕机 PLC修改 （改造),1,有PO,09-09,內部,GCS,取消,評估中,潘志雄,,,,,,,0,,\\10.97.0.210\lfaf_Engineer\Mechanical\1-評估方案\2025年\9月\113-GCS-镭雕机 PLC修改,,,,
GCS_Non-Spindle AI检测設備,1,無PO,09-11,內部,GCS,暫停,暫停,李格寧,,,,,,,0,,\\10.97.0.210\lfaf_Engineer\Mechanical\1-評估方案\2025年\9月\111-GCS_Non-Spindle AI检测設備,,,,
K7-檢測設備升級（雙相機創科改海康2000萬）,1,無PO,09-12,內部,K7,暫停,暫停,宋佳骥,,,,,,,0,,\\10.97.0.210\lfaf_Engineer\Mechanical\1-評估方案\2025年\9月\114-K7-檢測設備升級（雙相機創科改海康2000萬）,,,,
MPTV-6軸銑膠口,5,有PO,09-12,內部,MPTV,物料採購中,2512,李格寧,0,0,10,50,70,0,650,,\\10.97.0.210\lfaf_Engineer\Mechanical\0-專案資料\2025年\10月\11.MPTV-6軸鐉膠口,,,,
GCS_激光打碼機视觉+软件部分,1,無PO,09-12,內部,GCS,暫停,暫停,李格寧,,,,,,,0,,\\10.97.0.210\lfaf_Engineer\Mechanical\1-評估方案\2025年\9月\115-GCS_激光打碼機视觉+软件部分,,,,
K21-Stand下料自動拆螺絲取放設備,3,有PO,09-09,內部,K21,製造中,2603,李格寧,,,,,,,0,,,,,,
K7-成型周邊B件自動貼附設備,3,無PO,09-12,內部,K7成型,暫停,2607,张祥,,,,,,,0,,,,,,
MPTV_35Kg funca  機器人和機架--10,2,有PO,09-15,內部,MPTV,已結案,2510,李格寧,,,,,,,0,UA0010000063,\\10.97.0.210\lfaf_Engineer\Mechanical\0-專案資料\2025年\8月\4-MPTV_35Kg funca  機器人和機架,,,,
K21-NIF鋁件模內insert及掃碼設備,2,有PO,09-16,內部,K21,外部調試中,2604,张祥,39,57,59,21,77,10,526,UA0010100092,\\10.97.0.210\lfaf_Engineer\Mechanical\0-專案資料\2025年\9月\11-K21-NIF鋁件模內insert及掃碼設備,,,,
K21-Altis 第3、4條自動組裝線,1,有PO,09-18,內部,K21,製造中,2600,李冰,分解專案,分解專案,分解專案,分解專案,分解專案,分解專案,,UA0061100023,,,,,
K21-Altis cell1自動組裝泡棉墊磁鐵設備,2,有PO,09-18,內部,K21,製造中,分解專案,李冰,分解專案,分解專案,分解專案,分解專案,分解專案,分解專案,,UA0060100024,,,,,
K21-Altis cell2自動組裝鎖側蓋組件設備,2,有PO,09-18,內部,K21,製造中,分解專案,李冰,分解專案,分解專案,分解專案,分解專案,分解專案,分解專案,,UA0060100048,,,,,
" K21-Altis cell3 自動組裝LENS、組鎖側蓋設備",2,有PO,09-18,內部,K21,製造中,分解專案,李冰,分解專案,分解專案,分解專案,分解專案,分解專案,分解專案,,UA0060100049,,,,,
" K21-Altis cell4自動組裝下蓋設備",2,有PO,09-18,內部,K21,製造中,分解專案,李冰,分解專案,分解專案,分解專案,分解專案,分解專案,分解專案,,UA0060100050,,,,,
" K21-Altis cell5自動組裝鎖下蓋貼飾條R設備",2,有PO,09-18,內部,K21,製造中,分解專案,李冰,分解專案,分解專案,分解專案,分解專案,分解專案,分解專案,,UA0060100017,,,,,
" K21-Altis cell6自動組裝鎖下蓋貼飾條L設備",2,有PO,09-18,內部,K21,製造中,分解專案,李冰,分解專案,分解專案,分解專案,分解專案,分解專案,分解專案,,UA0060100018,,,,,
" K21-Altis cell7自動組裝鎖上Grip設備",2,有PO,09-18,內部,K21,內部調試,分解專案,李冰,分解專案,分解專案,分解專案,分解專案,分解專案,分解專案,,UA0060100051,,,,,
" K21-Altis cell8自動組裝鎖下Grip設備",2,有PO,09-18,內部,K21,內部調試,分解專案,李冰,分解專案,分解專案,分解專案,分解專案,分解專案,分解專案,,UA0060100022,,,,,
" K21-Altis cell9自動組裝壓軟膠塞設備",2,有PO,09-18,內部,K21,內部調試,分解專案,李冰,分解專案,分解專案,分解專案,分解專案,分解專案,分解專案,,UA0060100023,,,,,
" K21-Altis cell10貼裝飾條設備",2,有PO,09-18,內部,K21,內部調試,分解專案,李冰,分解專案,分解專案,分解專案,分解專案,分解專案,分解專案,,UA0000100098,,,,,
K21-ALTIS上Grip自動上料設備,2,有PO,09-18,內部,K21,內部調試,分解專案,李冰,分解專案,分解專案,分解專案,分解專案,分解專案,分解專案,,UA0010100099,,,,,
K21-ALTIS下Grip自動下料設備,2,有PO,09-18,內部,K21,內部調試,分解專案,李冰,分解專案,分解專案,分解專案,分解專案,分解專案,分解專案,,UA0010100100,,,,,
K21-ALTIS下蓋自動上料設備,2,有PO,09-18,內部,K21,內部調試,分解專案,李冰,分解專案,分解專案,分解專案,分解專案,分解專案,分解專案,,UA0010100101,,,,,
K21-ALTIS上蓋自動上料設備,2,有PO,09-18,內部,K21,內部調試,分解專案,李冰,分解專案,分解專案,分解專案,分解專案,分解專案,分解專案,,UA0010100102,,,,,
K21-ALTIS側滑軌自動上料設備,2,有PO,09-18,內部,K21,內部調試,分解專案,李冰,分解專案,分解專案,分解專案,分解專案,分解專案,分解專案,,UA0010100103,,,,,
K7-更改軸的事情,3,無PO,09-19,內部,K7,已結案,設變/調試,李格寧,,1,,,,,3,,,,,,
K41-KDB10&LDB44-B件自動修改線,1,有PO,09-22,內部,K41,設計發圖中,2601,张祥,,,,,,,0,UA0001110024,\\10.97.0.210\lfaf_Engineer\Mechanical\0-專案資料\2025年\11月\1-K41-KDB10-B件修改自動線,,,,
K21-Altis 成型Side Housing導入自動裝盤設備,2,有PO,09-23,內部,K21,設計發圖中,2607,李格寧,,,,,,,0,,\\10.97.0.210\lfaf_Engineer\Mechanical\0-專案資料\2025年\11月\9.K21-Altis 成型Side Housing導入自動裝盤設備,,,,
K7-K2印刷AI檢測設備,1,無PO,09-24,內部,K7成型,暫停,2607,李格寧,,,,,,,0,,\\10.97.0.210\lfaf_Engineer\Mechanical\1-評估方案\2025年\9月\121-K7-K2印刷AI檢測設備,,,,
K41-自動線評估（5條線）,1,無PO,09-26,內部,K41,暫停,暫停,李格寧,,,,,,,0,,\\10.97.0.210\lfaf_Engineer\Mechanical\1-評估方案\2025年\9月\119-K41-B件&D件自動線,,,,
K33-機器人更換及程序點位修改--11月,1,有PO,09-26,內部,K33,驗收中,2511,李格寧,,,,20,30,,50,UB100C000346,\\10.97.0.210\lfaf_Engineer\Mechanical\1-評估方案\2025年\9月\110-K33-機器人更換及程序點位修改,,,,
K31-MAG 機台設備整合,6,有PO,10-07,內部,K31,製造中,2605,李格寧,,,,,,,0,UA1510000002,\\10.97.0.210\lfaf_Engineer\Mechanical\0-專案資料\2025年\10月\5. K31_热压设备整合,,,,
GVL_濕示打磨臺--10,4,有PO,10-07,內部,GVL,已結案,2510,赵美利,,,,,,,0,,\\10.97.0.210\lfaf_Engineer\Mechanical\0-專案資料\2025年\9月\15-GVL-濕式打磨台,,,,
Stand前置線鎖螺絲自動取放設備,3,有PO,10-07,內部,K21,製造中,2603,李格寧,,,,,,,0,,,,,,
Stand前置線鎖螺絲自動取放雙滑台設備,3,有PO,10-07,內部,K21,製造中,2603,李格寧,,,,,,,0,,,,,,
LFAF-Lens 柔性供料設備,1,有PO,10-08,內部,LFAF,製造中,分解專案,李格寧,分解專案,分解專案,分解專案,分解專案,分解專案,分解專案,,UA0010100205,\\10.97.0.210\lfaf_Engineer\Mechanical\0-專案資料\2025年\9月\10-K21-Altis 第3、4條自動組裝線\3-3D\12-自動LENS上料設備,,,,
K21-NIF-Upper自動打磨設備 2（鏡像）,2,有PO,10-08,內部,K21,物料採購中,2603,李格寧,,,,,,,0,,,,,,
K41沖壓-自動線修改取放機架機頭物料,2,領用,10-09,內部,K41沖壓,已結案,2511,张祥,,,,,,,0,UA0060100049,,,,,
K21-NIF-Upper鋁件AI檢測設備,1,有PO,10-11,內部,K21,物料採購中,2600,李格寧,0,20,0,240,32,10,302,UA0020000050,\\10.97.0.210\lfaf_Engineer\Mechanical\0-專案資料\2025年\10月\12.K21-NIF-Upper鋁件AI檢測設備,,,,
K21-altis第3、4條線AI檢測及取放設備,2,有PO,10-11,內部,K21,物料採購中,評估中,李格寧,0,20,0,240,92,10,724,UA0020100085,\\10.97.0.210\lfaf_Engineer\Mechanical\0-專案資料\2025年\10月\13.K21-altis第3-4條線AI檢測及取放設備,,,,
GCS-壓鑄、加工及後製程整合方案,1,無PO,10-13,外部,GCS,評估中,評估中,李格寧,,,,,,,0,,,,,,
GCS_上料鐳雕檢測貼碼檢測自動線,1,無PO,10-13,內部,GCS,報價中,評估中,李格寧,,,,,,,0,,\\10.97.0.210\lfaf_Engineer\Mechanical\1-評估方案\2025年\10月\128.GCS-上料鐳雕檢測貼碼檢測自動線,,,,
LFAF_aidc降成本、優化、上下料製程改善,1,無PO,10-13,外部,LFAF,製造中,內部開發,李格寧,,,,,,,0,,\\10.97.0.210\lfaf_Engineer\Mechanical\0-專案資料\2025年\9月\14-aidc降成本、優化、上下料製程改善,,,,
K7-16D腳墊（第2台）,1,保固,10-13,內部,K7,物料採購中,設變/調試,李格寧,,,,,,,0,UA0000110196,,,,,
K7-C件綜合檢測設備增加側面檢測,2,有PO,10-13,內部,K7,驗收中,2600,宋佳骥,,,,,,,0,UA0020110034,\\10.97.0.210\lfaf_Engineer\Mechanical\0-專案資料\2025年\10月\7.K7-C件綜合檢測設備增加側面檢測,,,,
CTD-擠出機電路修改,1,領用,10-16,內部,CTD,暫停,評估中,宋佳骥,,,,,,,0,,\\10.97.0.210\lfaf_Engineer\Mechanical\1-評估方案\2025年\10月\129.CTD擠出機電路修改,,,,
GCS-鐳雕掃碼檢測增加與MES交互功能（第2台）（30W),1,有PO,10-16,內部,GCS,驗收中,2600,李格寧,,,,,,,0,UA1100000019,\\10.97.0.210\lfaf_Engineer\Mechanical\0-專案資料\2025年\10月\9.GCS_鐳雕掃碼檢測增加與MES交互功能（第2台）,,,,
GCS- AIDC-設備優化CT（C8CT3&C8CT1）,2,有PO,10-16,內部,GCS,外部調試中,評估中,李格寧,,,,,,,0,UA0020100065,\\10.97.0.210\lfaf_Engineer\Mechanical\0-專案資料\2025年\11月\8.GCS_AIDC 設備優化CT,,,,
K21-NIF-UP-HOUSING-AI檢測,1,保固,10-18,內部,K21,外部調試中,設變/調試,宋佳骥,,,,,,,0,UA0020110026,,,,100,LFAFT202510004
K21-altis-AI檢測及取放機器人,3,有PO,10-20,內部,K21,驗收預留,2600,李格寧,,,,,,,0,無,\\10.97.0.210\lfaf_Engineer\Mechanical\0-專案資料\2025年\10月\16-K21-altis-AI檢測機器人,,,,
K21-機器人報價（四軸機器人，六軸機器人）,2,有PO,10-20,內部,K21,驗收中,2600,李格寧,,,,,,,0,無,\\10.97.0.210\lfaf_Engineer\Mechanical\0-專案資料\2025年\10月\15-K21-機器人報價（四軸機器人，六軸機器人）,,,,
K41沖壓_自動噴油設備,4,有PO,10-24,內部,K41沖壓,物料採購中,2600,李格寧,,,,,,,0,UA0010000060,\\10.97.0.210\lfaf_Engineer\Mechanical\0-專案資料\2025年\10月\17-K41沖壓_自動噴油設備,,,,
MPTV-塗裝前置遮噴自動化(HGU1130),1,無PO,10-30,內部,MPTV,評估中,評估中,李格寧,,,,,,,0,,\\10.97.0.210\lfaf_Engineer\Mechanical\1-評估方案\2025年\10月\132.MPTV-自動化專案,,,,
MPTV-塗裝前置遮噴自動化(Game Card),1,無PO,10-30,內部,MPTV,評估中,評估中,李格寧,,,,,,,0,,\\10.97.0.210\lfaf_Engineer\Mechanical\1-評估方案\2025年\10月\132.MPTV-自動化專案,,,,
MPTV-HGU1130沖壓線上自動擦油分解裝盤,1,無PO,10-30,內部,MPTV,暫停,評估中,李格寧,,,,,,,0,,\\10.97.0.210\lfaf_Engineer\Mechanical\1-評估方案\2025年\10月\132.MPTV-自動化專案,,,,
MPTV-25/26/27/28/8031檢測產品瑕疵結構缺失與表面划傷,1,無PO,10-30,內部,MPTV,評估中,評估中,李格寧,,,,,,,0,,\\10.97.0.210\lfaf_Engineer\Mechanical\1-評估方案\2025年\10月\132.MPTV-自動化專案,,,,
自動貼大鋁箔設備,1,有PO,11-03,內部,K41,物料採購中,分解專案,李科雄,,,,,,,0,,,,,,
自動貼透明maly設備,1,有PO,11-03,內部,K41,物料採購中,分解專案,李科雄,,,,,,,0,,,,,,
自動貼導電maly設備,1,有PO,11-03,內部,K41,物料採購中,分解專案,李科雄,,,,,,,0,,,,,,
自動貼導電泡棉,1,有PO,11-03,內部,K41,物料採購中,分解專案,李科雄,,,,,,,0,,,,,,
自動貼石墨片&散熱片設備,1,有PO,11-03,內部,K41,物料採購中,分解專案,李科雄,,,,,,,0,,,,,,
自動裝鐵件鎖螺絲設備,1,有PO,11-03,內部,K41,物料採購中,分解專案,李科雄,,,,,,,0,,,,,,
自動貼黑泡棉&預融鐵件設備,1,有PO,11-03,內部,K41,物料採購中,分解專案,李科雄,,,,,,,0,,,,,,
自動貼標籤二維碼設備,1,有PO,11-03,內部,K41,物料採購中,分解專案,李科雄,,,,,,,0,,,,,,
自動壓合輔料設備,1,有PO,11-03,內部,K41,物料採購中,分解專案,李科雄,,,,,,,0,,,,,,
自動CCD檢測輔料有無設備,1,有PO,11-03,內部,K41,物料採購中,分解專案,李科雄,,,,,,,0,,,,,,
自動翻轉設備（7kg6軸）,1,有PO,11-03,內部,K41,物料採購中,分解專案,李科雄,,,,,,,0,,,,,,
自動裝腳墊設備1,1,有PO,11-03,內部,K41,設計發圖中,分解專案,李科雄,,,,,,,0,,,,,,
自動裝腳墊設備2,1,有PO,11-03,內部,K41,設計發圖中,分解專案,李科雄,,,,,,,0,,,,,,
自動拽脚垫，剪脚垫設備,1,有PO,11-03,內部,K41,設計發圖中,分解專案,李科雄,,,,,,,0,,,,,,
自動壓合腳墊,1,有PO,11-03,內部,K41,設計發圖中,分解專案,李科雄,,,,,,,0,,,,,,
自動鎖螺絲設備1,1,有PO,11-03,內部,K41,物料採購中,分解專案,李科雄,,,,,,,0,,,,,,
自動鎖螺絲設備2,1,有PO,11-03,內部,K41,物料採購中,分解專案,李科雄,,,,,,,0,,,,,,
自動鎖螺絲設備3,1,有PO,11-03,內部,K41,物料採購中,分解專案,李科雄,,,,,,,0,,,,,,
自動鎖螺絲設備4,1,有PO,11-03,內部,K41,物料採購中,分解專案,李科雄,,,,,,,0,,,,,,
自動鎖螺絲設備5,1,有PO,11-03,內部,K41,物料採購中,分解專案,李科雄,,,,,,,0,,,,,,
自動貼保護膜設備,1,有PO,11-03,內部,K41,設計發圖中,分解專案,李科雄,,,,,,,0,,,,,,
二次定位治具（公模面朝上）,,有PO,11-03,內部,K41,物料採購中,分解專案,李科雄,,,,,,,0,,,,,,
二次定位治具（母模面朝上）,,有PO,11-03,內部,K41,物料採購中,分解專案,李科雄,,,,,,,0,,,,,,
多功能機公用部分,,有PO,11-03,內部,K41,物料採購中,分解專案,李科雄,,,,,,,0,,,,,,
自動化上料設備,1,有PO,11-03,內部,K41,物料採購中,分解專案,李科雄,,,,,,,0,,,,,,
自動檢測取放設備（10kg）,1,有PO,11-03,內部,K41,物料採購中,分解專案,李科雄,,,,,,,0,,,,,,
自動NG收料設備,1,有PO,11-03,內部,K41,物料採購中,分解專案,李科雄,,,,,,,0,,,,,,
自動雙滑台熱熔設備,1,有PO,11-03,內部,K41,物料採購中,分解專案,李科雄,,,,,,,0,,,,,,
" K41-KDB10&LDB44-D件自動線",1,有PO,11-03,內部,K41,設計發圖中,2601,李科雄,130,430,345,1225,710,125,2965,UA0061100024,\\10.97.0.210\lfaf_Engineer\Mechanical\0-專案資料\2025年\11月\2-K41-KDB10&LDB44-D件自動線,,,,
" 自動化上料設備&取放設備 ",1,有PO,11-03,內部,K41,與客戶溝通中,分解專案,李科雄,,,,,,,0,,,,,,
" 自動化貼鏡片 ",1,有PO,11-03,內部,K41,與客戶溝通中,分解專案,李科雄,,,,,,,0,,,,,,
" 自動化裝腳墊1 ",1,有PO,11-03,內部,K41,與客戶溝通中,分解專案,李科雄,,,,,,,0,,,,,,
" 自動化裝腳墊2 ",1,有PO,11-03,內部,K41,設計發圖中,分解專案,李科雄,,,,,,,0,,,,,,
" 自動化裝腳墊3 ",1,有PO,11-03,內部,K41,與客戶溝通中,分解專案,李科雄,,,,,,,0,,,,,,
" 自動化壓合腳墊 ",1,有PO,11-03,內部,K41,與客戶溝通中,分解專案,李科雄,,,,,,,0,,,,,,
" 自動化翻轉取放設備7kg ",1,有PO,11-03,內部,K41,與客戶溝通中,分解專案,李科雄,,,,,,,0,,,,,,
" 自動熱熔腳墊設備 ",1,有PO,11-03,內部,K41,與客戶溝通中,分解專案,李科雄,,,,,,,0,,,,,,
" 自動化安裝轉軸設備1 ",1,有PO,11-03,內部,K41,與客戶溝通中,分解專案,李科雄,,,,,,,0,,,,,,
" 自動化安裝轉軸設備2 ",1,有PO,11-03,內部,K41,與客戶溝通中,分解專案,李科雄,,,,,,,0,,,,,,
" 自動化裝磁鐵設備 ",1,有PO,11-03,內部,K41,與客戶溝通中,分解專案,李科雄,,,,,,,0,,,,,,
" 自動化安裝熱熔lens設備 ",1,有PO,11-03,內部,K41,與客戶溝通中,分解專案,李科雄,,,,,,,0,,,,,,
" 自動熱熔轉軸lens設備 ",1,有PO,11-03,內部,K41,與客戶溝通中,分解專案,李科雄,,,,,,,0,,,,,,
" 自動化貼上背膠 ",1,有PO,11-03,內部,K41,與客戶溝通中,分解專案,李科雄,,,,,,,0,,,,,,
" 自動化貼下背膠 ",1,有PO,11-03,內部,K41,與客戶溝通中,分解專案,李科雄,,,,,,,0,,,,,,
" 自動化貼右背膠&標籤 ",1,有PO,11-03,內部,K41,與客戶溝通中,分解專案,李科雄,,,,,,,0,,,,,,
" 自動化貼左背膠 ",1,有PO,11-03,內部,K41,與客戶溝通中,分解專案,李科雄,,,,,,,0,,,,,,
" 自動化裁美紋膠帶&二維碼 ",1,有PO,11-03,內部,K41,與客戶溝通中,分解專案,李科雄,,,,,,,0,,,,,,
" 自動化壓合背膠 ",1,有PO,11-03,內部,K41,與客戶溝通中,分解專案,李科雄,,,,,,,0,,,,,,
" 自動檢測有無設備 ",1,有PO,11-03,內部,K41,與客戶溝通中,分解專案,李科雄,,,,,,,0,,,,,,
" 自動取放設備 ",1,有PO,11-03,內部,K41,與客戶溝通中,分解專案,李科雄,,,,,,,0,,,,,,
" 自動NG收料設備 ",1,有PO,11-03,內部,K41,與客戶溝通中,分解專案,李科雄,,,,,,,0,,,,,,
" 自動貼保護膜設備 ",1,有PO,11-03,內部,K41,與客戶溝通中,分解專案,李科雄,,,,,,,0,,,,,,
" 公模治具 ",1,有PO,11-03,內部,K41,與客戶溝通中,分解專案,李科雄,,,,,,,0,,,,,,
" 母模治具 ",1,有PO,11-03,內部,K41,與客戶溝通中,分解專案,李科雄,,,,,,,0,,,,,,
K41-TAROKO13 AC 點膠工位掃碼優化,4,領用,11-05,內部,K41,外部調試中,評估中,宋佳骥,,,,,,,0,,\\10.97.0.210\lfaf_Engineer\Mechanical\1-評估方案\2025年\11月\K41-TAROKO13 AC 點膠工位掃碼優化,,,,
K41-更換機器人及調試,1,charge,11-06,內部,K41,驗收中,2511,李格寧,,,,,,,0,,,,,,
K7-檢測設備滑台支撐軸修改（6台),6,保固,11-06,內部,K7,出貨階段,設變/調試,李格寧,,,,,,,0,,,,,,
K41-沖壓自動上料機（加大版）,1,無PO,11-06,內部,K41沖壓,暫停,評估中,张祥,,,,,,,0,,,,,,
K21-Ttion-RL自動收料設備,1,無PO,11-06,內部,K21,暫停,評估中,张祥,,,,,,,0,,\\10.97.0.210\lfaf_Engineer\Mechanical\1-評估方案\2025年\8月\088-K21-TritonR L自動包裝設備\1-評估資料,,,,
K7-14D腳墊（第3、4台）,2,保固,11-06,內部,K7,設計發圖中,設變/調試,李格寧,,,,,,,0,,,,,,
K7-貼附端子（10台）,10,保固,11-06,內部,K7,驗收中,設變/調試,李格寧,,,,,,,0,,,,,,
K21-10軸優化（取出臂+治具）,1,無PO,11-11,內部,K21,評估中,評估中,李格寧,,,,,,,0,,\\10.97.0.210\lfaf_Engineer\Mechanical\1-評估方案\2025年\11月\138-K21-10軸優化（取出臂+治具）,,,,
K21-Hmodle裝RUbber改雙壓合,1,無PO,11-11,內部,K21,暫停,評估中,李格寧,,,,,,,0,,\\10.97.0.210\lfaf_Engineer\Mechanical\1-評估方案\2025年\11月\139-K21-Hmodle裝RUbber改雙壓合,,,,
K21-借用設備第1、2台增加背光,1,無PO,11-11,內部,K21,暫停,評估中,李格寧,,,,,,,0,,,,,,
K7-自動線增加AI檢測及取放設備,2,無PO,11-12,內部,K7,設計未開始,評估中,李格寧,,,,,,,0,,\\10.97.0.210\lfaf_Engineer\Mechanical\1-評估方案\2025年\11月\135-K7-自動線增加AI檢測及取放設備,,,,
K7-TRK14 A件改slate14 A件自動線,1,無PO,11-12,內部,K7,與客戶溝通中,評估中,李格寧,,,,,,,0,,\\10.97.0.210\lfaf_Engineer\Mechanical\1-評估方案\2025年\11月\136-K7-TRK14 A件改slate14 A件自動線,,,,
K7-TRK14 D件改slate14 D件自動線,1,無PO,11-12,內部,K7,與客戶溝通中,評估中,李格寧,,,,,,,0,,,,,,
K21-双Y双X轴锁螺丝設備（10軸縮小版）,1,有PO,11-13,內部,K21,設計發圖中,評估中,卢楚文,,,,,,,0,,\\10.97.0.210\lfaf_Engineer\Mechanical\0-專案資料\2025年\11月\7-K21-双Y双X轴锁螺丝設備（10軸）,,,,
K7-自動線增加翻轉工站,1,有PO,11-13,內部,K7,設計未開始,評估中,李格寧,,,,,,,0,,\\10.97.0.210\lfaf_Engineer\Mechanical\1-評估方案\2025年\11月\137-K7-自動線增加翻轉工站,,,,
K7-TRK14 C件改slate14 C件自動線,1,無PO,11-13,內部,K7,與客戶溝通中,評估中,李格寧,,,,,,,0,,,,,,
K7-slate14 B件自動線,1,無PO,11-13,內部,K7,與客戶溝通中,評估中,李格寧,,,,,,,0,,,,,,
K21-貼飾條設備改雙工位壓合（第3台）,1,有PO,11-20,內部,K21,驗收預留,2600,李格寧,,,,,,,0,,,,,,
K21-貼飾條設備改雙工位壓合（第2台）,1,有PO,11-20,內部,K21,驗收中,評估中,李格寧,,,,,,,0,,,,,,
